{
    "model": "meta-llama/Llama-2-7b-chat-hf",
    "dataset": "qed",
    "context": true,
    "title": false,
    "number_few_shot": 3,
    "samples_number": 1355,
    "f1": 0.6355216910091859,
    "precision": 0.7267888048132926,
    "recall": 0.6385356255893165,
    "em": 0.45830258302583027,
    "squad": 0.5469121370175081,
    "rouge1": 0.6391154303125723,
    "rouge2": 0.41298295963810816,
    "rougeL": 0.6358642746305556,
    "rougeLsum": 0.6368036682128417
}