{
    "model": "meta-llama/Llama-2-7b-chat-hf",
    "dataset": "GEM/FairytaleQA",
    "context": true,
    "title": false,
    "number_few_shot": 5,
    "samples_number": 1007,
    "f1": 0.5165339776122604,
    "precision": 0.5262783629847972,
    "recall": 0.583253636219456,
    "em": 0.20854021847070506,
    "squad": 0.3625370980414827,
    "rouge1": 0.5305639099447765,
    "rouge2": 0.3912267603121646,
    "rougeL": 0.523283966444335,
    "rougeLsum": 0.5235495720534813
}