{
    "model": "meta-llama/Llama-2-7b-chat-hf",
    "dataset": "GEM/FairytaleQA",
    "context": true,
    "title": false,
    "number_few_shot": 1,
    "samples_number": 1007,
    "f1": 0.4538543046129833,
    "precision": 0.43548579257595,
    "recall": 0.5997633088749571,
    "em": 0.16683217477656406,
    "squad": 0.3103432396947737,
    "rouge1": 0.4744758854540752,
    "rouge2": 0.3563052472064706,
    "rougeL": 0.46655323162446516,
    "rougeLsum": 0.4678967478325674
}