{
    "model": "mistralai/Mistral-7B-Instruct-v0.2",
    "dataset": "squad",
    "title": true,
    "number_few_shot": 0,
    "samples_number": 10570,
    "f1": 0.678644937964718,
    "precision": 0.6278065751987787,
    "recall": 0.9118323946972676,
    "em": 0.3905392620624409,
    "squad": 0.5345921000135795,
    "rouge1": 0.6793912488692083,
    "rouge2": 0.48446352647192836,
    "rougeL": 0.6751244574048489,
    "rougeLsum": 0.6748988031697393,
    "f1_bert": 0.551912653219164,
    "precision_bert": 0.5100580234111006,
    "recall_bert": 0.604471566635282
}