{
    "model": "mistralai/Mistral-7B-Instruct-v0.2",
    "dataset": "squad",
    "title": true,
    "number_few_shot": 1,
    "samples_number": 10570,
    "f1": 0.6030605367087708,
    "precision": 0.5319480970810218,
    "recall": 0.9425155130251588,
    "em": 0.33491012298959316,
    "squad": 0.46898532984918195,
    "rouge1": 0.6006247345426067,
    "rouge2": 0.43007289578623364,
    "rougeL": 0.596133128429624,
    "rougeLsum": 0.5958866572316026,
    "f1_bert": 0.49344892791721623,
    "precision_bert": 0.4021714215545674,
    "recall_bert": 0.5964061563997882
}