{
    "model": "mistralai/Mistral-7B-Instruct-v0.2",
    "dataset": "squad",
    "title": true,
    "number_few_shot": 1,
    "samples_number": 10570,
    "f1": 0.7270081367441816,
    "precision": 0.6910239180902479,
    "recall": 0.8965461815652802,
    "em": 0.45269631031220436,
    "squad": 0.589852223528193,
    "rouge1": 0.7286289000947506,
    "rouge2": 0.5104064060879534,
    "rougeL": 0.7235480020060914,
    "rougeLsum": 0.7236968558512044,
    "f1_bert": 0.6232441872994796,
    "precision_bert": 0.5822028861885625,
    "recall_bert": 0.6764459005485086
}