{
    "model": "mistralai/Mistral-7B-Instruct-v0.2",
    "dataset": "squad",
    "title": true,
    "number_few_shot": 2,
    "samples_number": 10570,
    "f1": 0.7459331058043306,
    "precision": 0.7165235521760229,
    "recall": 0.8957793452995989,
    "em": 0.48694418164616843,
    "squad": 0.6164386437252495,
    "rouge1": 0.7473659992271988,
    "rouge2": 0.5110501219274456,
    "rougeL": 0.7412126811871226,
    "rougeLsum": 0.7413224621983618,
    "f1_bert": 0.6481367826487436,
    "precision_bert": 0.6029700650377771,
    "recall_bert": 0.7066145375690803
}