{
    "model": "mistralai/Mistral-7B-Instruct-v0.2",
    "dataset": "squad",
    "title": true,
    "number_few_shot": 2,
    "samples_number": 10570,
    "f1": 0.6285240200086137,
    "precision": 0.563640034713183,
    "recall": 0.9419319317947693,
    "em": 0.37776726584673603,
    "squad": 0.5031456429276748,
    "rouge1": 0.6267292648028551,
    "rouge2": 0.440033412110806,
    "rougeL": 0.6216322644551442,
    "rougeLsum": 0.6215733732823501,
    "f1_bert": 0.5296815898297723,
    "precision_bert": 0.43843983991001934,
    "recall_bert": 0.6331504846250774
}