{
    "model": "mistralai/Mistral-7B-Instruct-v0.2",
    "dataset": "squad",
    "title": true,
    "number_few_shot": 4,
    "samples_number": 10570,
    "f1": 0.7488601254280206,
    "precision": 0.7168997745897324,
    "recall": 0.9050492704202667,
    "em": 0.5066225165562914,
    "squad": 0.6277413209921561,
    "rouge1": 0.7489790942113213,
    "rouge2": 0.5224934385419041,
    "rougeL": 0.744121870370499,
    "rougeLsum": 0.7440394581362131,
    "f1_bert": 0.6507010432849417,
    "precision_bert": 0.6013872108844982,
    "recall_bert": 0.7127776363926237
}