{
    "model": "mistralai/Mistral-7B-Instruct-v0.2",
    "dataset": "squad",
    "title": true,
    "number_few_shot": 4,
    "samples_number": 10570,
    "f1": 0.6189022111630899,
    "precision": 0.5528953393440333,
    "recall": 0.9438680884321207,
    "em": 0.36859035004730367,
    "squad": 0.49374628060519676,
    "rouge1": 0.6158711046628675,
    "rouge2": 0.4358398355098281,
    "rougeL": 0.6115462692435258,
    "rougeLsum": 0.6113230841458769,
    "f1_bert": 0.5136169852024325,
    "precision_bert": 0.4187673570445135,
    "recall_bert": 0.6205322139749653
}