{
    "model": "mistralai/Mistral-7B-Instruct-v0.2",
    "dataset": "squad",
    "title": true,
    "number_few_shot": 5,
    "samples_number": 10570,
    "f1": 0.6239806388464024,
    "precision": 0.5601630800624212,
    "recall": 0.9409317801207184,
    "em": 0.37852412488174075,
    "squad": 0.5012523818640716,
    "rouge1": 0.6209589782947846,
    "rouge2": 0.43596759480977765,
    "rougeL": 0.6164466796249348,
    "rougeLsum": 0.6165207206530459,
    "f1_bert": 0.5228460122442085,
    "precision_bert": 0.4289688614963467,
    "recall_bert": 0.628716752103877
}