{
    "model": "mistralai/Mistral-7B-Instruct-v0.2",
    "dataset": "squad",
    "title": true,
    "number_few_shot": 5,
    "samples_number": 10570,
    "f1": 0.7554277828583429,
    "precision": 0.727195144873124,
    "recall": 0.8991035187377872,
    "em": 0.52081362346263,
    "squad": 0.6381207031604865,
    "rouge1": 0.7563771529691141,
    "rouge2": 0.523415410363105,
    "rougeL": 0.7514733357817535,
    "rougeLsum": 0.7514271137729612,
    "f1_bert": 0.6607974987037564,
    "precision_bert": 0.6153009665525843,
    "recall_bert": 0.7188719992392628
}