{
    "model": "meta-llama/Llama-2-7b-chat-hf",
    "dataset": "/gpfs/users/boizardni/llm-distillation/datasets/processed/pubmed_qa",
    "context": true,
    "title": false,
    "number_few_shot": 1,
    "samples_number": 500,
    "f1": 0.3040655819321199,
    "precision": 0.37246015478935807,
    "recall": 0.29177209451337605,
    "em": 0.0,
    "squad": 0.15203279096605996,
    "rouge1": 0.3214504690436287,
    "rouge2": 0.12424458639371197,
    "rougeL": 0.2359732049614111,
    "rougeLsum": 0.2423516323667531,
    "f1_bert": 0.2914291103549767,
    "precision_bert": 0.3007602131773892,
    "recall_bert": 0.28240156498085706
}