{
    "model": "meta-llama/Llama-2-7b-chat-hf",
    "dataset": "/gpfs/users/boizardni/llm-distillation/datasets/processed/pubmed_qa",
    "context": true,
    "title": false,
    "number_few_shot": 5,
    "samples_number": 500,
    "f1": 0.32678581574339793,
    "precision": 0.37955779296643277,
    "recall": 0.31925397999537886,
    "em": 0.006,
    "squad": 0.16639290787169897,
    "rouge1": 0.3440962669613681,
    "rouge2": 0.13528055894620816,
    "rougeL": 0.25188717197038657,
    "rougeLsum": 0.2520136324852278,
    "f1_bert": 0.32997543725930156,
    "precision_bert": 0.34185132539574986,
    "recall_bert": 0.3180036610160023
}