{
    "model": "meta-llama/Llama-2-7b-chat-hf",
    "dataset": "/gpfs/users/boizardni/llm-distillation/datasets/processed/pubmed_qa",
    "context": true,
    "title": false,
    "number_few_shot": 0,
    "samples_number": 500,
    "f1": 0.2533546422811069,
    "precision": 0.31087324514922066,
    "recall": 0.2495996349490208,
    "em": 0.0,
    "squad": 0.12667732114055344,
    "rouge1": 0.2706901130608975,
    "rouge2": 0.10254783319836058,
    "rougeL": 0.1968033416652073,
    "rougeLsum": 0.19747642628676484,
    "f1_bert": 0.26853599508001935,
    "precision_bert": 0.32003677266277375,
    "recall_bert": 0.22183648544194876
}