{
    "model": "mistralai/Mistral-7B-Instruct-v0.2",
    "dataset": "GEM/FairytaleQA",
    "title": false,
    "number_few_shot": 0,
    "samples_number": 1007,
    "f1": 0.25781953448488726,
    "precision": 0.1886276543279471,
    "recall": 0.6009099724249621,
    "em": 0.004965243296921549,
    "squad": 0.1313923888909044,
    "rouge1": 0.2715897408820488,
    "rouge2": 0.1567015576835189,
    "rougeL": 0.24976365866586417,
    "rougeLsum": 0.2502347870912641,
    "f1_bert": 0.16641587622311912,
    "precision_bert": 0.09467430911664462,
    "recall_bert": 0.23971362624092785
}