{
    "model": "mistralai/Mistral-7B-Instruct-v0.2",
    "dataset": "GEM/FairytaleQA",
    "title": false,
    "number_few_shot": 0,
    "samples_number": 1007,
    "f1": 0.2995115941619211,
    "precision": 0.25181446687719167,
    "recall": 0.5175413549176662,
    "em": 0.015888778550148957,
    "squad": 0.15770018635603503,
    "rouge1": 0.320947735850886,
    "rouge2": 0.18337747880749156,
    "rougeL": 0.30012525254073136,
    "rougeLsum": 0.29981066404204554,
    "f1_bert": 0.23025925009582046,
    "precision_bert": 0.20928433803677773,
    "recall_bert": 0.2513989440548463
}