{
    "model": "mistralai/Mistral-7B-Instruct-v0.2",
    "dataset": "GEM/FairytaleQA",
    "title": false,
    "number_few_shot": 1,
    "samples_number": 1007,
    "f1": 0.3815223591165251,
    "precision": 0.34834560973660017,
    "recall": 0.5634892579272376,
    "em": 0.05660377358490566,
    "squad": 0.21906306635071537,
    "rouge1": 0.4039265172874643,
    "rouge2": 0.27079542989671046,
    "rougeL": 0.3881757404453573,
    "rougeLsum": 0.38802628817344087,
    "f1_bert": 0.3012339044463462,
    "precision_bert": 0.29863491001918235,
    "recall_bert": 0.30471404829001136
}