{
    "model": "mistralai/Mistral-7B-Instruct-v0.2",
    "dataset": "GEM/FairytaleQA",
    "title": false,
    "number_few_shot": 1,
    "samples_number": 1007,
    "f1": 0.3531956462026437,
    "precision": 0.294954673118032,
    "recall": 0.6301413679599596,
    "em": 0.05759682224428997,
    "squad": 0.20539623422346684,
    "rouge1": 0.3696205191260572,
    "rouge2": 0.2557024797381727,
    "rougeL": 0.3533123379926757,
    "rougeLsum": 0.35274916492768194,
    "f1_bert": 0.2575486946302811,
    "precision_bert": 0.21161397448946678,
    "recall_bert": 0.305575823407675
}