{
    "model": "mistralai/Mistral-7B-Instruct-v0.2",
    "dataset": "GEM/FairytaleQA",
    "title": false,
    "number_few_shot": 4,
    "samples_number": 1007,
    "f1": 0.4451701436396278,
    "precision": 0.43311815486600697,
    "recall": 0.576491100040602,
    "em": 0.11717974180734857,
    "squad": 0.2811749427234882,
    "rouge1": 0.4676759495503805,
    "rouge2": 0.3317621429207448,
    "rougeL": 0.45497332591198125,
    "rougeLsum": 0.45443324759306053,
    "f1_bert": 0.36016665185599256,
    "precision_bert": 0.39243873345676383,
    "recall_bert": 0.3299424200444013
}