{
    "model": "mistralai/Mistral-7B-Instruct-v0.2",
    "dataset": "GEM/FairytaleQA",
    "title": false,
    "number_few_shot": 4,
    "samples_number": 1007,
    "f1": 0.4260095094765991,
    "precision": 0.39009976204208424,
    "recall": 0.6220359262152583,
    "em": 0.10724925521350546,
    "squad": 0.2666293823450523,
    "rouge1": 0.4446379088242718,
    "rouge2": 0.3226350814233142,
    "rougeL": 0.4308731755571704,
    "rougeLsum": 0.43099015297483967,
    "f1_bert": 0.3289289144423278,
    "precision_bert": 0.3262940865847329,
    "recall_bert": 0.33380829514311916
}