{
    "model": "mistralai/Mistral-7B-Instruct-v0.2",
    "dataset": "GEM/FairytaleQA",
    "title": false,
    "number_few_shot": 5,
    "samples_number": 1007,
    "f1": 0.41508372607226635,
    "precision": 0.38011867576342,
    "recall": 0.6155575066284926,
    "em": 0.09831181727904667,
    "squad": 0.2566977716756565,
    "rouge1": 0.43268821034769517,
    "rouge2": 0.3048469360767678,
    "rougeL": 0.41823373868162095,
    "rougeLsum": 0.4177747708424103,
    "f1_bert": 0.32163286402707614,
    "precision_bert": 0.31825540124500207,
    "recall_bert": 0.3274133412351735
}