{
    "model": "mistralai/Mistral-7B-Instruct-v0.2",
    "dataset": "GEM/FairytaleQA",
    "title": false,
    "number_few_shot": 5,
    "samples_number": 1007,
    "f1": 0.434556383883601,
    "precision": 0.42943912450738053,
    "recall": 0.5548958997684021,
    "em": 0.10824230387288977,
    "squad": 0.2713993438782454,
    "rouge1": 0.45853975087844157,
    "rouge2": 0.3081779923002967,
    "rougeL": 0.44467546352384474,
    "rougeLsum": 0.44393655707357443,
    "f1_bert": 0.35747695365102056,
    "precision_bert": 0.39762485393772945,
    "recall_bert": 0.3195506450986603
}