{
    "model": "meta-llama/Llama-2-7b-chat-hf",
    "dataset": "squad",
    "context": true,
    "title": false,
    "number_few_shot": 5,
    "samples_number": 10570,
    "f1": 0.8313204660829437,
    "precision": 0.825956236401192,
    "recall": 0.8805038802458923,
    "em": 0.6992431409649953,
    "squad": 0.7652818035239695,
    "rouge1": 0.8352618334601638,
    "rouge2": 0.5654426027804775,
    "rougeL": 0.8330215662523099,
    "rougeLsum": 0.8328299743526713
}