{
    "model": "meta-llama/Llama-2-7b-chat-hf",
    "dataset": "squad",
    "context": true,
    "title": false,
    "number_few_shot": 2,
    "samples_number": 10570,
    "f1": 0.8361757242021985,
    "precision": 0.8319791891340872,
    "recall": 0.8820148825689877,
    "em": 0.7105960264900663,
    "squad": 0.7733858753461325,
    "rouge1": 0.839039794203164,
    "rouge2": 0.5650097154747844,
    "rougeL": 0.8367891475898437,
    "rougeLsum": 0.8367889570685703
}