{
    "model": "mistralai/Mistral-7B-Instruct-v0.2",
    "dataset": "/gpfs/users/boizardni/llm-distillation/datasets/processed/qed",
    "title": false,
    "number_few_shot": 0,
    "samples_number": 1355,
    "f1": 0.44654594192300145,
    "precision": 0.4276547706964816,
    "recall": 0.6897084773428561,
    "em": 0.13874538745387455,
    "squad": 0.292645664688438,
    "rouge1": 0.4532409541303636,
    "rouge2": 0.28242657095246776,
    "rougeL": 0.44251565694254924,
    "rougeLsum": 0.4424063652978506,
    "f1_bert": 0.3335240856328948,
    "precision_bert": 0.28822799715672265,
    "recall_bert": 0.38764912150671355
}