{
    "model": "mistralai/Mistral-7B-Instruct-v0.2",
    "dataset": "/gpfs/users/boizardni/llm-distillation/datasets/processed/qed",
    "title": false,
    "number_few_shot": 1,
    "samples_number": 1355,
    "f1": 0.49341128206742063,
    "precision": 0.49763686556624914,
    "recall": 0.670052243653418,
    "em": 0.19557195571955718,
    "squad": 0.3444916188934889,
    "rouge1": 0.4997731518349161,
    "rouge2": 0.31757114390743924,
    "rougeL": 0.4882321715840564,
    "rougeLsum": 0.4881923002114513,
    "f1_bert": 0.3834769587162981,
    "precision_bert": 0.349126811755041,
    "recall_bert": 0.42674860231145767
}