{
    "model": "mistralai/Mistral-7B-Instruct-v0.2",
    "dataset": "/gpfs/users/boizardni/llm-distillation/datasets/processed/qed",
    "title": false,
    "number_few_shot": 1,
    "samples_number": 1355,
    "f1": 0.433597260299763,
    "precision": 0.3823202977197389,
    "recall": 0.7841507674809394,
    "em": 0.16531365313653137,
    "squad": 0.29945545671814716,
    "rouge1": 0.4381279747319411,
    "rouge2": 0.3060474062374855,
    "rougeL": 0.4263958979596966,
    "rougeLsum": 0.42609987751338024,
    "f1_bert": 0.30873130229674406,
    "precision_bert": 0.21326433456575022,
    "recall_bert": 0.41384982500574125
}