{
    "model": "mistralai/Mistral-7B-Instruct-v0.2",
    "dataset": "/gpfs/users/boizardni/llm-distillation/datasets/processed/qed",
    "title": false,
    "number_few_shot": 2,
    "samples_number": 1355,
    "f1": 0.4385276968051558,
    "precision": 0.3889655550205737,
    "recall": 0.7899465173946717,
    "em": 0.17712177121771217,
    "squad": 0.30782473401143395,
    "rouge1": 0.44366505738117007,
    "rouge2": 0.3092911688936011,
    "rougeL": 0.43351142562374406,
    "rougeLsum": 0.4337892449530023,
    "f1_bert": 0.3201465346986201,
    "precision_bert": 0.21907232723914505,
    "recall_bert": 0.4315992492167707
}