{
    "model": "mistralai/Mistral-7B-Instruct-v0.2",
    "dataset": "/gpfs/users/boizardni/llm-distillation/datasets/processed/qed",
    "title": false,
    "number_few_shot": 2,
    "samples_number": 1355,
    "f1": 0.5091885393617387,
    "precision": 0.518881027673755,
    "recall": 0.6718025616528356,
    "em": 0.22066420664206643,
    "squad": 0.36492637300190256,
    "rouge1": 0.5151645954656456,
    "rouge2": 0.32634033464357776,
    "rougeL": 0.5032104749475188,
    "rougeLsum": 0.5021503477353927,
    "f1_bert": 0.39817952745004703,
    "precision_bert": 0.3630206621253289,
    "recall_bert": 0.4421000292694808
}