{
    "model": "mistralai/Mistral-7B-Instruct-v0.2",
    "dataset": "/gpfs/users/boizardni/llm-distillation/datasets/processed/qed",
    "title": false,
    "number_few_shot": 3,
    "samples_number": 1355,
    "f1": 0.5230599926750872,
    "precision": 0.5440082382899472,
    "recall": 0.6633304107921576,
    "em": 0.23911439114391145,
    "squad": 0.3810871919094993,
    "rouge1": 0.5308854421326352,
    "rouge2": 0.3305282667040107,
    "rougeL": 0.5176237662645257,
    "rougeLsum": 0.5170480114135558,
    "f1_bert": 0.4098618718381151,
    "precision_bert": 0.38483266450981934,
    "recall_bert": 0.4437150173008225
}