{
    "model": "mistralai/Mistral-7B-Instruct-v0.2",
    "dataset": "/gpfs/users/boizardni/llm-distillation/datasets/processed/qed",
    "title": false,
    "number_few_shot": 4,
    "samples_number": 1355,
    "f1": 0.5197222058624621,
    "precision": 0.52886740636227,
    "recall": 0.6872960802073634,
    "em": 0.23837638376383763,
    "squad": 0.37904929481314986,
    "rouge1": 0.5266073782743061,
    "rouge2": 0.33850745759855444,
    "rougeL": 0.5156695702938507,
    "rougeLsum": 0.5159818239262932,
    "f1_bert": 0.4090400875497496,
    "precision_bert": 0.37005263439854746,
    "recall_bert": 0.4567881090434206
}