{
    "model": "mistralai/Mistral-7B-Instruct-v0.2",
    "dataset": "/gpfs/users/boizardni/llm-distillation/datasets/processed/qed",
    "title": false,
    "number_few_shot": 4,
    "samples_number": 1355,
    "f1": 0.4283568054264106,
    "precision": 0.38014492248028503,
    "recall": 0.7931260767700374,
    "em": 0.16974169741697417,
    "squad": 0.29904925142169236,
    "rouge1": 0.43379597144889115,
    "rouge2": 0.30203873903553713,
    "rougeL": 0.4246192846156631,
    "rougeLsum": 0.4240678921556764,
    "f1_bert": 0.3134213062835882,
    "precision_bert": 0.20735622374355928,
    "recall_bert": 0.43030227106262164
}