{
    "model": "mistralai/Mistral-7B-Instruct-v0.2",
    "dataset": "/gpfs/users/boizardni/llm-distillation/datasets/processed/qed",
    "title": false,
    "number_few_shot": 5,
    "samples_number": 1355,
    "f1": 0.5135499411585936,
    "precision": 0.5301872399597186,
    "recall": 0.6695397370225452,
    "em": 0.23616236162361623,
    "squad": 0.37485615139110495,
    "rouge1": 0.521124118945823,
    "rouge2": 0.3274354165664557,
    "rougeL": 0.508896627249041,
    "rougeLsum": 0.5085845737123809,
    "f1_bert": 0.40237479866362036,
    "precision_bert": 0.3687582447704867,
    "recall_bert": 0.44465858754770643
}