{
    "model": "meta-llama/Llama-2-7b-hf",
    "number_few_shot": 2,
    "context": "Reading comprehension with the answer to the question to be extracted from the passage only.\n\n",
    "dataset": "squad",
    "samples_number": 10570,
    "f1": 0.8221483044089548,
    "precision": 0.8219122778043515,
    "recall": 0.8582595176268563,
    "em": 0.7090823084200568,
    "squad": 0.7656153064145058
}