{
    "model": "meta-llama/Llama-2-7b-hf",
    "number_few_shot": 2,
    "context": "",
    "dataset": "squad",
    "samples_number": 10570,
    "f1": 0.7999120058264227,
    "precision": 0.8029530002630568,
    "recall": 0.8329993814732034,
    "em": 0.6841059602649007,
    "squad": 0.7420089830456618
}