{
    "model": "meta-llama/Llama-2-7b-chat-hf",
    "dataset": "qed",
    "context": true,
    "title": false,
    "number_few_shot": 0,
    "samples_number": 1355,
    "f1": 0.5072344014322324,
    "precision": 0.5800160159295492,
    "recall": 0.5613395873393521,
    "em": 0.3114391143911439,
    "squad": 0.40933675791168816,
    "rouge1": 0.5124906719420594,
    "rouge2": 0.30595436302572077,
    "rougeL": 0.5084265634895511,
    "rougeLsum": 0.5073287963793911
}