{
    "model": "meta-llama/Llama-2-7b-chat-hf",
    "dataset": "qed",
    "context": true,
    "title": false,
    "number_few_shot": 2,
    "samples_number": 1355,
    "f1": 0.6275838752152338,
    "precision": 0.7270277776024292,
    "recall": 0.6272886671143905,
    "em": 0.45608856088560884,
    "squad": 0.5418362180504214,
    "rouge1": 0.6327938333922276,
    "rouge2": 0.40906379424720357,
    "rougeL": 0.630107585987431,
    "rougeLsum": 0.630388616201325
}