{
    "model": "meta-llama/Llama-2-7b-chat-hf",
    "dataset": "qed",
    "context": true,
    "title": false,
    "number_few_shot": 5,
    "samples_number": 1355,
    "f1": 0.6339991280341286,
    "precision": 0.7249145229319894,
    "recall": 0.6384140594973338,
    "em": 0.44723247232472324,
    "squad": 0.5406158001794259,
    "rouge1": 0.6397238113964996,
    "rouge2": 0.41234664267237076,
    "rougeL": 0.6370353933109989,
    "rougeLsum": 0.6374597762932244
}