{
    "model": "meta-llama/Llama-2-7b-chat-hf",
    "dataset": "GEM/FairytaleQA",
    "title": true,
    "number_few_shot": 0,
    "samples_number": 1007,
    "f1": 0.32623369363105337,
    "precision": 0.2542715949217433,
    "recall": 0.6327013611235622,
    "em": 0.025819265143992055,
    "squad": 0.17602647938752272,
    "rouge1": 0.33663992395908204,
    "rouge2": 0.2120381398826205,
    "rougeL": 0.31921843728459054,
    "rougeLsum": 0.3191414556138231,
    "f1_bert": 0.21754169417535807,
    "precision_bert": 0.16339369809018142,
    "recall_bert": 0.2734337142673751
}