{
    "model": "meta-llama/Llama-2-7b-chat-hf",
    "dataset": "GEM/FairytaleQA",
    "title": true,
    "number_few_shot": 0,
    "samples_number": 1007,
    "f1": 0.3671437513512992,
    "precision": 0.3236894868561462,
    "recall": 0.5723006193615447,
    "em": 0.06951340615690169,
    "squad": 0.21832857875410044,
    "rouge1": 0.3792865345707054,
    "rouge2": 0.22411097822917253,
    "rougeL": 0.3606990315194335,
    "rougeLsum": 0.3605412240510112,
    "f1_bert": 0.2693941030253892,
    "precision_bert": 0.2601296165448423,
    "recall_bert": 0.2806969496790068
}