{
    "model": "meta-llama/Llama-2-7b-chat-hf",
    "dataset": "GEM/FairytaleQA",
    "title": true,
    "number_few_shot": 1,
    "samples_number": 1007,
    "f1": 0.4733509211536246,
    "precision": 0.4637955384779051,
    "recall": 0.5854037536226915,
    "em": 0.1499503475670308,
    "squad": 0.3116506343603277,
    "rouge1": 0.4922665088217826,
    "rouge2": 0.33232449203701,
    "rougeL": 0.48100418242755527,
    "rougeLsum": 0.4809388737701357,
    "f1_bert": 0.36964023009303526,
    "precision_bert": 0.4050753974648703,
    "recall_bert": 0.33756082075135413
}