{
    "model": "meta-llama/Llama-2-7b-chat-hf",
    "dataset": "GEM/FairytaleQA",
    "title": true,
    "number_few_shot": 1,
    "samples_number": 1007,
    "f1": 0.45437771376100006,
    "precision": 0.422408511663217,
    "recall": 0.625396815267519,
    "em": 0.1300893743793446,
    "squad": 0.2922335440701723,
    "rouge1": 0.47041000769111885,
    "rouge2": 0.32440489610951084,
    "rougeL": 0.45805237626896633,
    "rougeLsum": 0.4583260363312119,
    "f1_bert": 0.343023817031098,
    "precision_bert": 0.3476899494445335,
    "recall_bert": 0.34161340716624883
}