{
    "model": "meta-llama/Llama-2-7b-chat-hf",
    "dataset": "GEM/FairytaleQA",
    "title": true,
    "number_few_shot": 2,
    "samples_number": 1007,
    "f1": 0.5119017781195689,
    "precision": 0.5279602583808827,
    "recall": 0.5738473574965827,
    "em": 0.19662363455809334,
    "squad": 0.35426270633883117,
    "rouge1": 0.5321518660450244,
    "rouge2": 0.3731732117477502,
    "rougeL": 0.5223749037205752,
    "rougeLsum": 0.5217316729033801,
    "f1_bert": 0.41694055459484763,
    "precision_bert": 0.4805922290425754,
    "recall_bert": 0.35757620510845906
}