{
    "model": "meta-llama/Llama-2-7b-chat-hf",
    "dataset": "GEM/FairytaleQA",
    "title": true,
    "number_few_shot": 2,
    "samples_number": 1007,
    "f1": 0.5032731277497147,
    "precision": 0.4963095410219094,
    "recall": 0.6032611268140318,
    "em": 0.1817279046673287,
    "squad": 0.3425005162085217,
    "rouge1": 0.5245179911962043,
    "rouge2": 0.37364433972108724,
    "rougeL": 0.5140653723364791,
    "rougeLsum": 0.5138465336051781,
    "f1_bert": 0.4035282850891163,
    "precision_bert": 0.4462508719296323,
    "recall_bert": 0.3645999398431163
}