{
    "model": "meta-llama/Llama-2-7b-chat-hf",
    "dataset": "GEM/FairytaleQA",
    "title": true,
    "number_few_shot": 3,
    "samples_number": 1007,
    "f1": 0.48543434406020425,
    "precision": 0.4695945172763969,
    "recall": 0.6116345961777176,
    "em": 0.1529294935451837,
    "squad": 0.319181918802694,
    "rouge1": 0.5071244128267085,
    "rouge2": 0.3672301645349598,
    "rougeL": 0.4974838030722807,
    "rougeLsum": 0.49797855490935017,
    "f1_bert": 0.3878131276672283,
    "precision_bert": 0.41843322750296336,
    "recall_bert": 0.36059085866565843
}