{
    "model": "meta-llama/Llama-2-7b-chat-hf",
    "dataset": "GEM/FairytaleQA",
    "title": true,
    "number_few_shot": 3,
    "samples_number": 1007,
    "f1": 0.5068230754879666,
    "precision": 0.5080980659078521,
    "recall": 0.5918980553449124,
    "em": 0.18570009930486595,
    "squad": 0.34626158739641627,
    "rouge1": 0.528119046913767,
    "rouge2": 0.37515513662481303,
    "rougeL": 0.5180197487501774,
    "rougeLsum": 0.5179369080674714,
    "f1_bert": 0.40943858821076584,
    "precision_bert": 0.46074161372936395,
    "recall_bert": 0.36197107835979614
}