{
    "model": "meta-llama/Llama-2-7b-chat-hf",
    "dataset": "GEM/FairytaleQA",
    "title": true,
    "number_few_shot": 4,
    "samples_number": 1007,
    "f1": 0.5014661663129011,
    "precision": 0.5075275156852572,
    "recall": 0.5791055198077717,
    "em": 0.17974180734856007,
    "squad": 0.34060398683073057,
    "rouge1": 0.5221467399254677,
    "rouge2": 0.37739248001059683,
    "rougeL": 0.5136489600935641,
    "rougeLsum": 0.5128365735306013,
    "f1_bert": 0.40961016352431084,
    "precision_bert": 0.4682544244302098,
    "recall_bert": 0.35487089220359513
}