{
    "model": "meta-llama/Llama-2-7b-chat-hf",
    "dataset": "GEM/FairytaleQA",
    "title": true,
    "number_few_shot": 5,
    "samples_number": 1007,
    "f1": 0.4861505841323942,
    "precision": 0.4922539111462645,
    "recall": 0.5744320213762983,
    "em": 0.1628599801390268,
    "squad": 0.3245052821357105,
    "rouge1": 0.5098577726299203,
    "rouge2": 0.3565691590101957,
    "rougeL": 0.4991082168749116,
    "rougeLsum": 0.49923624896404506,
    "f1_bert": 0.3972412879788479,
    "precision_bert": 0.4566356087788423,
    "recall_bert": 0.34182038636488365
}