{
    "model": "meta-llama/Llama-2-7b-chat-hf",
    "dataset": "GEM/FairytaleQA",
    "title": true,
    "number_few_shot": 5,
    "samples_number": 1007,
    "f1": 0.47838228668874094,
    "precision": 0.46298137903123526,
    "recall": 0.6048968792478093,
    "em": 0.14299900695134063,
    "squad": 0.3106906468200408,
    "rouge1": 0.4986694138886642,
    "rouge2": 0.36037754411311707,
    "rougeL": 0.48836338192984086,
    "rougeLsum": 0.4878461854899685,
    "f1_bert": 0.3823550473300677,
    "precision_bert": 0.41915213374630883,
    "recall_bert": 0.3487719070769264
}