{
    "model": "meta-llama/Llama-2-7b-chat-hf",
    "dataset": "/gpfs/users/boizardni/llm-distillation/datasets/processed/pubmed_qa",
    "context": true,
    "title": false,
    "number_few_shot": 3,
    "samples_number": 500,
    "f1": 0.3147504592262466,
    "precision": 0.4134537734358967,
    "recall": 0.27961640886650885,
    "em": 0.002,
    "squad": 0.1583752296131233,
    "rouge1": 0.3314419884119507,
    "rouge2": 0.13477328485242562,
    "rougeL": 0.24744804121095482,
    "rougeLsum": 0.24771031322694076,
    "f1_bert": 0.33100852443277834,
    "precision_bert": 0.36829334865137936,
    "recall_bert": 0.2941840904895216
}