{
    "model": "meta-llama/Llama-2-7b-chat-hf",
    "dataset": "/gpfs/users/boizardni/llm-distillation/datasets/processed/pubmed_qa",
    "context": true,
    "title": false,
    "number_few_shot": 2,
    "samples_number": 500,
    "f1": 0.3143822813264824,
    "precision": 0.41228062953390593,
    "recall": 0.27954739977279125,
    "em": 0.002,
    "squad": 0.1581911406632412,
    "rouge1": 0.32965611584186794,
    "rouge2": 0.13014836354900683,
    "rougeL": 0.24408695108632444,
    "rougeLsum": 0.24381465217937212,
    "f1_bert": 0.3220813322905451,
    "precision_bert": 0.3541211356560234,
    "recall_bert": 0.29054031609371306
}