{
    "model": "/gpfs/users/boizardni/llm-distillation/train/models/distillation/pythia-410m-deduped/Llama-2-7b-hf_squad_train_2s_0context_1",
    "number_few_shot": 0,
    "context": "",
    "dataset": "squad",
    "samples_number": 10570,
    "f1": 0.6171663218063671,
    "precision": 0.5855006227044504,
    "recall": 0.7862444456830222,
    "em": 0.42554399243140967,
    "squad": 0.5213551571188884
}