{
    "model": "/gpfs/users/boizardni/llm-distillation/train/models/distillation/pythia-410m-deduped/Llama-2-7b-hf_squad_train_2s_0context_0",
    "number_few_shot": 0,
    "context": "",
    "dataset": "squad",
    "samples_number": 10570,
    "f1": 0.4318281902047437,
    "precision": 0.36191402917498744,
    "recall": 0.8063511660142718,
    "em": 0.16452223273415326,
    "squad": 0.2981752114694485
}