{
    "model": "EleutherAI/pythia-410m-deduped",
    "number_few_shot": 2,
    "context": "Extract the text that answers the question. If the answer is not in the passage, answer 'no response'.\n\n",
    "dataset": "squad_v2",
    "samples_number": 11873,
    "f1": 0.17957469689578792,
    "precision": 0.17266181775139647,
    "recall": 0.23173237761208176,
    "em": 0.10078951789013943,
    "squad": 0.14018210739296366
}