{
    "model": "EleutherAI/pythia-410m-deduped",
    "number_few_shot": 5,
    "context": "",
    "dataset": "squad_v2",
    "samples_number": 11873,
    "f1": 0.18598477690678866,
    "precision": 0.1803479333478386,
    "recall": 0.2348859980053142,
    "em": 0.10642773010264177,
    "squad": 0.14620625350471522
}