{
    "model": "EleutherAI/pythia-410m-deduped",
    "number_few_shot": 0,
    "context": "Extract the text that answers the question. If the answer is not in the passage, answer 'no response'.\n\n",
    "dataset": "squad_v2",
    "samples_number": 11873,
    "f1": 0.1132625206670708,
    "precision": 0.09187844300066916,
    "recall": 0.2286337030260179,
    "em": 0.03126838698831638,
    "squad": 0.07226545382769359
}