{
    "model": "EleutherAI/pythia-410m-deduped",
    "number_few_shot": 5,
    "context": "Extract the text that answers the question. If the answer is not in the passage, answer 'no response'.\n\n",
    "dataset": "squad_v2",
    "samples_number": 11873,
    "f1": 0.1873760080043735,
    "precision": 0.18180291620843028,
    "recall": 0.23576828443014233,
    "em": 0.10892421566153587,
    "squad": 0.14815011183295468
}