{
    "model": "EleutherAI/pythia-410m-deduped",
    "number_few_shot": 0,
    "context": "",
    "dataset": "squad_v2",
    "samples_number": 11873,
    "f1": 0.10294148305364778,
    "precision": 0.08260383864542346,
    "recall": 0.21699658889548254,
    "em": 0.02657695542472666,
    "squad": 0.06475921923918722
}