{
    "model": "tiiuae/falcon-7b-instruct",
    "dataset": "/gpfs/users/boizardni/llm-distillation/datasets/processed/dialogsum",
    "title": false,
    "number_few_shot": 0,
    "samples_number": 500,
    "f1": 0.2247754650874308,
    "precision": 0.21879381621659907,
    "recall": 0.33595886695144783,
    "em": 0.0,
    "squad": 0.1123877325437154,
    "rouge1": 0.239466813887103,
    "rouge2": 0.06878920512236972,
    "rougeL": 0.19703328938411968,
    "rougeLsum": 0.1968125661599197,
    "f1_bert": 0.24530521978007164,
    "precision_bert": 0.21600307124806567,
    "recall_bert": 0.2862941111512482
}