{
    "model": "tiiuae/falcon-7b-instruct",
    "dataset": "/gpfs/users/boizardni/llm-distillation/datasets/processed/dialogsum",
    "title": false,
    "number_few_shot": 1,
    "samples_number": 500,
    "f1": 0.2699914034504111,
    "precision": 0.2035493435793113,
    "recall": 0.508130666765389,
    "em": 0.0,
    "squad": 0.13499570172520556,
    "rouge1": 0.2855508282716063,
    "rouge2": 0.10793654084028806,
    "rougeL": 0.22574691122627852,
    "rougeLsum": 0.22581189712807692,
    "f1_bert": 0.25716488373780155,
    "precision_bert": 0.20290301394171548,
    "recall_bert": 0.3243966418048367
}