{
    "model": "tiiuae/falcon-7b-instruct",
    "dataset": "/gpfs/users/boizardni/llm-distillation/datasets/processed/dialogsum",
    "title": false,
    "number_few_shot": 2,
    "samples_number": 500,
    "f1": 0.30073977300664967,
    "precision": 0.23065269184167353,
    "recall": 0.5224723054218734,
    "em": 0.0,
    "squad": 0.15036988650332483,
    "rouge1": 0.3184829365199578,
    "rouge2": 0.13162857486950175,
    "rougeL": 0.2612923518576583,
    "rougeLsum": 0.26095585987570497,
    "f1_bert": 0.35148667659959754,
    "precision_bert": 0.2599882099600509,
    "recall_bert": 0.458492813879624
}