{
    "model": "tiiuae/falcon-7b-instruct",
    "dataset": "/gpfs/users/boizardni/llm-distillation/datasets/processed/dialogsum",
    "title": false,
    "number_few_shot": 3,
    "samples_number": 500,
    "f1": 0.3003449903589392,
    "precision": 0.23807479616235894,
    "recall": 0.5216426240445262,
    "em": 0.0,
    "squad": 0.1501724951794696,
    "rouge1": 0.315841302310344,
    "rouge2": 0.1328072276575562,
    "rougeL": 0.26260565419022286,
    "rougeLsum": 0.2622332227072786,
    "f1_bert": 0.3529615743840113,
    "precision_bert": 0.26432971127144994,
    "recall_bert": 0.4584637661315501
}