{
    "model": "meta-llama/Llama-2-7b-chat-hf",
    "dataset": "/gpfs/users/boizardni/llm-distillation/datasets/processed/dialogsum",
    "context": true,
    "title": false,
    "number_few_shot": 4,
    "samples_number": 500,
    "f1": 0.42513532796625425,
    "precision": 0.3506423673148445,
    "recall": 0.6155434163548521,
    "em": 0.0,
    "squad": 0.21256766398312713,
    "rouge1": 0.44149210510552506,
    "rouge2": 0.20455420807382088,
    "rougeL": 0.3584288300418502,
    "rougeLsum": 0.3584491456587785,
    "f1_bert": 0.49036437526345256,
    "precision_bert": 0.4227255119383335,
    "recall_bert": 0.5690773141086102
}