{
    "model": "meta-llama/Llama-2-7b-chat-hf",
    "dataset": "/gpfs/users/boizardni/llm-distillation/datasets/processed/dialogsum",
    "context": true,
    "title": false,
    "number_few_shot": 1,
    "samples_number": 500,
    "f1": 0.38128116611004914,
    "precision": 0.31513338132663754,
    "recall": 0.5441734174302467,
    "em": 0.0,
    "squad": 0.19064058305502457,
    "rouge1": 0.3967817431401544,
    "rouge2": 0.17577298431084937,
    "rougeL": 0.32130347063610226,
    "rougeLsum": 0.32121052355501,
    "f1_bert": 0.3807658961713314,
    "precision_bert": 0.37812540224194524,
    "recall_bert": 0.39277503002248704
}