{
    "model": "meta-llama/Llama-2-7b-chat-hf",
    "dataset": "/gpfs/users/boizardni/llm-distillation/datasets/processed/dialogsum",
    "context": true,
    "title": false,
    "number_few_shot": 2,
    "samples_number": 500,
    "f1": 0.4097166476130761,
    "precision": 0.3369687755107615,
    "recall": 0.5933687442805083,
    "em": 0.0,
    "squad": 0.20485832380653804,
    "rouge1": 0.4289076173489956,
    "rouge2": 0.19666367289205688,
    "rougeL": 0.34994422363676175,
    "rougeLsum": 0.3497424000802455,
    "f1_bert": 0.48349935737252236,
    "precision_bert": 0.41328917496744544,
    "recall_bert": 0.5660396902412176
}