{
    "model": "meta-llama/Llama-2-7b-chat-hf",
    "dataset": "/gpfs/users/boizardni/llm-distillation/datasets/processed/dialogsum",
    "context": true,
    "title": false,
    "number_few_shot": 3,
    "samples_number": 500,
    "f1": 0.4359675851517342,
    "precision": 0.3657025657192074,
    "recall": 0.6110250308390038,
    "em": 0.0,
    "squad": 0.2179837925758671,
    "rouge1": 0.4531118268937202,
    "rouge2": 0.21347566956990416,
    "rougeL": 0.3730079075398426,
    "rougeLsum": 0.3729051552872963,
    "f1_bert": 0.5089118578732014,
    "precision_bert": 0.45044723473489284,
    "recall_bert": 0.5784282380640506
}