{
    "model": "tiiuae/falcon-7b-instruct",
    "dataset": "/gpfs/users/boizardni/llm-distillation/datasets/processed/pubmed_qa",
    "title": false,
    "number_few_shot": 1,
    "samples_number": 500,
    "f1": 0.2899174778630324,
    "precision": 0.3555999729492638,
    "recall": 0.3028625364126238,
    "em": 0.002,
    "squad": 0.1459587389315162,
    "rouge1": 0.3077155380795564,
    "rouge2": 0.12056904524786538,
    "rougeL": 0.23060341685448515,
    "rougeLsum": 0.23082650199313748,
    "f1_bert": 0.2865385601785965,
    "precision_bert": 0.3054282856709324,
    "recall_bert": 0.2689156394272577
}