{
    "model": "tiiuae/falcon-7b-instruct",
    "dataset": "/gpfs/users/boizardni/llm-distillation/datasets/processed/pubmed_qa",
    "title": false,
    "number_few_shot": 2,
    "samples_number": 500,
    "f1": 0.29822012567824957,
    "precision": 0.3916573860152541,
    "recall": 0.27496224853630225,
    "em": 0.004,
    "squad": 0.1511100628391248,
    "rouge1": 0.3218775811435049,
    "rouge2": 0.12739301766821787,
    "rougeL": 0.24488431934654864,
    "rougeLsum": 0.24470746763659507,
    "f1_bert": 0.32261480342037974,
    "precision_bert": 0.3653457291545346,
    "recall_bert": 0.28092764831287786
}