{
    "model": "tiiuae/falcon-7b-instruct",
    "dataset": "/gpfs/users/boizardni/llm-distillation/datasets/processed/pubmed_qa",
    "title": false,
    "number_few_shot": 4,
    "samples_number": 500,
    "f1": 0.2983684454747864,
    "precision": 0.4540862657819986,
    "recall": 0.25374563116681736,
    "em": 0.008,
    "squad": 0.1531842227373932,
    "rouge1": 0.3155634306962999,
    "rouge2": 0.13452178763069858,
    "rougeL": 0.24732434463080277,
    "rougeLsum": 0.24693250744563316,
    "f1_bert": 0.3164004962438485,
    "precision_bert": 0.3801682965986256,
    "recall_bert": 0.2549964978103526
}