{
    "model": "tiiuae/falcon-7b-instruct",
    "dataset": "/gpfs/users/boizardni/llm-distillation/datasets/processed/pubmed_qa",
    "title": false,
    "number_few_shot": 5,
    "samples_number": 500,
    "f1": 0.29847807975044344,
    "precision": 0.4467577214721778,
    "recall": 0.25595330753635714,
    "em": 0.002,
    "squad": 0.15023903987522172,
    "rouge1": 0.3132141208890844,
    "rouge2": 0.13110226445879747,
    "rougeL": 0.24449135164275693,
    "rougeLsum": 0.24456511149359975,
    "f1_bert": 0.31748202704906,
    "precision_bert": 0.37658179677452425,
    "recall_bert": 0.2605152491563931
}