{
    "model": "tiiuae/falcon-7b-instruct",
    "dataset": "/gpfs/users/boizardni/llm-distillation/datasets/processed/qed",
    "title": false,
    "number_few_shot": 0,
    "samples_number": 1355,
    "f1": 0.4069378056204085,
    "precision": 0.41726116433679156,
    "recall": 0.5737470072626949,
    "em": 0.24428044280442804,
    "squad": 0.3256091242124183,
    "rouge1": 0.41490623802829385,
    "rouge2": 0.24943026118192685,
    "rougeL": 0.4080688778016756,
    "rougeLsum": 0.4081870714650659,
    "f1_bert": 0.27255989395111424,
    "precision_bert": 0.2424443472186241,
    "recall_bert": 0.31105966777998245
}