{
    "model": "tiiuae/falcon-7b-instruct",
    "dataset": "/gpfs/users/boizardni/llm-distillation/datasets/processed/qed",
    "title": false,
    "number_few_shot": 1,
    "samples_number": 1355,
    "f1": 0.4865199639689285,
    "precision": 0.5401324959439476,
    "recall": 0.5509572717940514,
    "em": 0.3328413284132841,
    "squad": 0.40968064619110633,
    "rouge1": 0.4926802266245347,
    "rouge2": 0.2983321744560055,
    "rougeL": 0.48848032036391664,
    "rougeLsum": 0.48841559157776177,
    "f1_bert": 0.3896341818936403,
    "precision_bert": 0.39756476460164325,
    "recall_bert": 0.3894092802583142
}