{
    "model": "tiiuae/falcon-7b-instruct",
    "dataset": "/gpfs/users/boizardni/llm-distillation/datasets/processed/qed",
    "title": false,
    "number_few_shot": 2,
    "samples_number": 1355,
    "f1": 0.5043484443305792,
    "precision": 0.5689250604381573,
    "recall": 0.5603971926143972,
    "em": 0.34981549815498153,
    "squad": 0.42708197124278036,
    "rouge1": 0.5116333419437101,
    "rouge2": 0.31617224454350223,
    "rougeL": 0.5076940539562854,
    "rougeLsum": 0.5064324724424525,
    "f1_bert": 0.4334828874102933,
    "precision_bert": 0.44894873895535264,
    "recall_bert": 0.4255703473442605
}