{
    "model": "/gpfs/users/boizardni/llm-distillation/train/models/finetuned/pythia-410m-deduped/Llama-2-7b-hf_squad_train_2s_0context",
    "number_few_shot": 0,
    "context": "",
    "dataset": "squad",
    "samples_number": 10570,
    "f1": 0.7510984115780008,
    "precision": 0.7574651038920452,
    "recall": 0.7828094488914027,
    "em": 0.6370860927152318,
    "squad": 0.6940922521466163
}