{
    "model": "/linkhome/rech/genrce01/udv55np/llm-distillation/models/pythia-410m/fairytaleQA/1e-6/05/3904",
    "dataset": "GEM/FairytaleQA",
    "context": false,
    "title": false,
    "number_few_shot": 0,
    "samples_number": 1007,
    "f1": 0.41247830601545904,
    "precision": 0.4235038300394027,
    "recall": 0.46870612632924386,
    "em": 0.15491559086395235,
    "squad": 0.2836969484397057,
    "rouge1": 0.42685776269975634,
    "rouge2": 0.3043389751818668,
    "rougeL": 0.42033118166941263,
    "rougeLsum": 0.4203066404087183
}