{
    "model": "meta-llama/Llama-2-7b-chat-hf",
    "dataset": "GEM/FairytaleQA",
    "context": true,
    "title": false,
    "number_few_shot": 2,
    "samples_number": 1007,
    "f1": 0.5215855198788952,
    "precision": 0.5267806844915858,
    "recall": 0.5897886114522889,
    "em": 0.21847070506454816,
    "squad": 0.3700281124717217,
    "rouge1": 0.5410713911632481,
    "rouge2": 0.40251020613993826,
    "rougeL": 0.5317517073987219,
    "rougeLsum": 0.5317101330799903
}