{
    "model": "meta-llama/Llama-2-7b-chat-hf",
    "dataset": "GEM/FairytaleQA",
    "context": true,
    "title": false,
    "number_few_shot": 4,
    "samples_number": 1007,
    "f1": 0.5216057339029836,
    "precision": 0.5289089317331183,
    "recall": 0.5855269940908608,
    "em": 0.2234359483614697,
    "squad": 0.37252084113222667,
    "rouge1": 0.5363170112457332,
    "rouge2": 0.4039613599156323,
    "rougeL": 0.5306590399475639,
    "rougeLsum": 0.5308221156318393
}