{
    "model": "meta-llama/Llama-2-7b-chat-hf",
    "dataset": "GEM/FairytaleQA",
    "context": true,
    "title": false,
    "number_few_shot": 3,
    "samples_number": 1007,
    "f1": 0.5258411206684944,
    "precision": 0.526989093956572,
    "recall": 0.5947461444282975,
    "em": 0.21747765640516387,
    "squad": 0.3716593885368291,
    "rouge1": 0.5448844207943626,
    "rouge2": 0.4083310828590062,
    "rougeL": 0.5368584709041938,
    "rougeLsum": 0.5383373121185637
}