{
    "model": "meta-llama/Llama-2-7b-chat-hf",
    "dataset": "GEM/FairytaleQA",
    "title": false,
    "number_few_shot": 2,
    "samples_number": 1007,
    "f1": 0.5115310174431967,
    "precision": 0.5284890017287572,
    "recall": 0.570704320393717,
    "em": 0.19960278053624628,
    "squad": 0.3555668989897215,
    "rouge1": 0.5302882371689215,
    "rouge2": 0.36955794914621476,
    "rougeL": 0.5190788315607171,
    "rougeLsum": 0.5188540264902592,
    "f1_bert": 0.4159153360708607,
    "precision_bert": 0.4805271327675342,
    "recall_bert": 0.35555142599111517
}