{
    "model": "meta-llama/Llama-2-7b-chat-hf",
    "dataset": "squad",
    "title": true,
    "number_few_shot": 0,
    "samples_number": 10570,
    "f1": 0.7909074464557225,
    "precision": 0.8201115333289108,
    "recall": 0.8088793139470917,
    "em": 0.649763481551561,
    "squad": 0.7203354640036418,
    "rouge1": 0.7966790306497101,
    "rouge2": 0.474710239298222,
    "rougeL": 0.7950414574706499,
    "rougeLsum": 0.7953108277884913,
    "f1_bert": 0.7435135634500958,
    "precision_bert": 0.7609238994581645,
    "recall_bert": 0.7353089514758375
}