{
    "model": "meta-llama/Llama-2-7b-chat-hf",
    "dataset": "squad",
    "title": true,
    "number_few_shot": 1,
    "samples_number": 10570,
    "f1": 0.745669122357359,
    "precision": 0.7180442110515725,
    "recall": 0.8876251780037426,
    "em": 0.5649952696310312,
    "squad": 0.6553321959941951,
    "rouge1": 0.7506084708525576,
    "rouge2": 0.49276945392077814,
    "rougeL": 0.7478500292045533,
    "rougeLsum": 0.7476542207190037,
    "f1_bert": 0.6700554406415904,
    "precision_bert": 0.6371735216602157,
    "recall_bert": 0.7111166745178664
}