{
    "model": "meta-llama/Llama-2-7b-chat-hf",
    "dataset": "squad",
    "title": true,
    "number_few_shot": 2,
    "samples_number": 10570,
    "f1": 0.8112309514820907,
    "precision": 0.8200157717121394,
    "recall": 0.8464137184507747,
    "em": 0.6778618732261117,
    "squad": 0.7445464123541012,
    "rouge1": 0.8181685574314562,
    "rouge2": 0.5218652278288701,
    "rougeL": 0.8160563793089957,
    "rougeLsum": 0.816057086010444,
    "f1_bert": 0.7699888237041826,
    "precision_bert": 0.7649706768079048,
    "recall_bert": 0.7838126937571549
}