{
    "model": "meta-llama/Llama-2-7b-chat-hf",
    "dataset": "squad",
    "title": true,
    "number_few_shot": 2,
    "samples_number": 10570,
    "f1": 0.7669132219185048,
    "precision": 0.744292922830063,
    "recall": 0.8795372778379817,
    "em": 0.5952696310312204,
    "squad": 0.6810914264748626,
    "rouge1": 0.7725932837151998,
    "rouge2": 0.5146819182543748,
    "rougeL": 0.7695842895786698,
    "rougeLsum": 0.7696950651648711,
    "f1_bert": 0.7054556805236144,
    "precision_bert": 0.6765562516932587,
    "recall_bert": 0.7422318167144633
}