{
    "model": "meta-llama/Llama-2-7b-chat-hf",
    "dataset": "squad",
    "title": true,
    "number_few_shot": 3,
    "samples_number": 10570,
    "f1": 0.8009246187905059,
    "precision": 0.7982163788070261,
    "recall": 0.8572988159321889,
    "em": 0.6563859981078524,
    "squad": 0.7286553084491791,
    "rouge1": 0.8082434506298929,
    "rouge2": 0.5265800942796,
    "rougeL": 0.8061638449393213,
    "rougeLsum": 0.8060652791931889,
    "f1_bert": 0.752660376144636,
    "precision_bert": 0.738886072669002,
    "recall_bert": 0.7752677316642187
}