{
    "model": "meta-llama/Llama-2-7b-chat-hf",
    "dataset": "squad",
    "title": true,
    "number_few_shot": 4,
    "samples_number": 10570,
    "f1": 0.8069894035628569,
    "precision": 0.8005155626382078,
    "recall": 0.8711382886483867,
    "em": 0.6551561021759698,
    "squad": 0.7310727528694133,
    "rouge1": 0.8132933283671109,
    "rouge2": 0.536672098044963,
    "rougeL": 0.8109115588940379,
    "rougeLsum": 0.8111167992717101,
    "f1_bert": 0.7473481328254711,
    "precision_bert": 0.7294621238592033,
    "recall_bert": 0.7739481779989471
}