{
    "model": "meta-llama/Llama-2-7b-chat-hf",
    "dataset": "squad",
    "title": true,
    "number_few_shot": 5,
    "samples_number": 10570,
    "f1": 0.7604284831427633,
    "precision": 0.7324642257309132,
    "recall": 0.8922051949433395,
    "em": 0.5775780510879849,
    "squad": 0.6690032671153741,
    "rouge1": 0.764742276395084,
    "rouge2": 0.5104293939985809,
    "rougeL": 0.7611338835632199,
    "rougeLsum": 0.7614082511127754,
    "f1_bert": 0.6790680673361656,
    "precision_bert": 0.6407491426875247,
    "recall_bert": 0.726004656841197
}