{
    "model": "meta-llama/Llama-2-7b-chat-hf",
    "dataset": "squad",
    "title": true,
    "number_few_shot": 5,
    "samples_number": 10570,
    "f1": 0.7973129218391555,
    "precision": 0.7916052857653281,
    "recall": 0.8644376585458008,
    "em": 0.6467360454115421,
    "squad": 0.7220244836253488,
    "rouge1": 0.804253300489233,
    "rouge2": 0.5254617172134177,
    "rougeL": 0.802104918323379,
    "rougeLsum": 0.8021392322984167,
    "f1_bert": 0.7406493334686353,
    "precision_bert": 0.7208725685361178,
    "recall_bert": 0.7692668190549337
}