{
    "model": "EleutherAI/pythia-410m-deduped",
    "number_few_shot": 2,
    "context": "",
    "dataset": "squad",
    "samples_number": 10570,
    "f1": 0.37018652070771635,
    "precision": 0.3549076008262098,
    "recall": 0.47640039094779213,
    "em": 0.21608325449385052,
    "squad": 0.29313488760078343
}