{
    "model": "EleutherAI/pythia-410m-deduped",
    "number_few_shot": 0,
    "context": "",
    "dataset": "squad",
    "samples_number": 10570,
    "f1": 0.2250761464407318,
    "precision": 0.18302172652615065,
    "recall": 0.4546638690824491,
    "em": 0.0684011352885525,
    "squad": 0.14673864086464214
}