{
    "model": "EleutherAI/pythia-410m-deduped",
    "number_few_shot": 5,
    "context": "",
    "dataset": "squad",
    "samples_number": 10570,
    "f1": 0.39041212751305465,
    "precision": 0.3781809178549174,
    "recall": 0.4874552852956933,
    "em": 0.23415326395458846,
    "squad": 0.31228269573382156
}