{
    "model": "meta-llama/Llama-2-7b-chat-hf",
    "dataset": "/gpfs/users/boizardni/llm-distillation/datasets/processed/dialogsum",
    "title": false,
    "number_few_shot": 0,
    "samples_number": 500,
    "f1": 0.13645389819775705,
    "precision": 0.10839495907217486,
    "recall": 0.21011035983688242,
    "em": 0.0,
    "squad": 0.06822694909887853,
    "rouge1": 0.14220040603631126,
    "rouge2": 0.05853884489247551,
    "rougeL": 0.11460865586097867,
    "rougeLsum": 0.11454249358307012,
    "f1_bert": -3.039301378980279,
    "precision_bert": -3.0693999001607297,
    "recall_bert": -3.0171710719596594
}