{
    "model": "meta-llama/Llama-2-7b-chat-hf",
    "dataset": "/gpfs/users/boizardni/llm-distillation/datasets/processed/dialogsum",
    "title": false,
    "number_few_shot": 1,
    "samples_number": 500,
    "f1": 0.28708545804408286,
    "precision": 0.21016993910989415,
    "recall": 0.5200937430574499,
    "em": 0.0,
    "squad": 0.14354272902204143,
    "rouge1": 0.30569951404732537,
    "rouge2": 0.12691945082293304,
    "rougeL": 0.24165342522029665,
    "rougeLsum": 0.24134502134014532,
    "f1_bert": 0.19451574715599418,
    "precision_bert": 0.1598835576903075,
    "recall_bert": 0.24007064779475332
}