{
    "model": "meta-llama/Llama-2-7b-chat-hf",
    "dataset": "/gpfs/users/boizardni/llm-distillation/datasets/processed/dialogsum",
    "title": false,
    "number_few_shot": 2,
    "samples_number": 500,
    "f1": 0.33485013738834035,
    "precision": 0.24286965864252855,
    "recall": 0.6208323479407919,
    "em": 0.0,
    "squad": 0.16742506869417018,
    "rouge1": 0.35348121594583676,
    "rouge2": 0.14923826357203512,
    "rougeL": 0.2819255914979122,
    "rougeLsum": 0.2822282220718305,
    "f1_bert": 0.37210015118122103,
    "precision_bert": 0.27080891899485143,
    "recall_bert": 0.4868378714621067
}