{
    "model": "meta-llama/Llama-2-7b-chat-hf",
    "dataset": "/gpfs/users/boizardni/llm-distillation/datasets/processed/dialogsum",
    "title": false,
    "number_few_shot": 4,
    "samples_number": 500,
    "f1": 0.2568219832049474,
    "precision": 0.17990083559369544,
    "recall": 0.5195110966806771,
    "em": 0.0,
    "squad": 0.1284109916024737,
    "rouge1": 0.2739021711500581,
    "rouge2": 0.11608241734202063,
    "rougeL": 0.21654202744761686,
    "rougeLsum": 0.21684819069077726,
    "f1_bert": 0.03574429565295577,
    "precision_bert": -0.013407522158697248,
    "recall_bert": 0.09481431433372199
}