{
    "model": "meta-llama/Llama-2-7b-chat-hf",
    "dataset": "/gpfs/users/boizardni/llm-distillation/datasets/processed/dialogsum",
    "title": false,
    "number_few_shot": 5,
    "samples_number": 500,
    "f1": 0.2469188490267673,
    "precision": 0.17728273205790693,
    "recall": 0.46966735277640415,
    "em": 0.0,
    "squad": 0.12345942451338365,
    "rouge1": 0.26130302673150807,
    "rouge2": 0.10995315588503377,
    "rougeL": 0.20705540418316565,
    "rougeLsum": 0.20693219456690715,
    "f1_bert": -0.4965427196472883,
    "precision_bert": -0.5450787433348596,
    "recall_bert": -0.44203099305171056
}