{
    "model": "meta-llama/Llama-2-7b-chat-hf",
    "dataset": "GEM/FairytaleQA",
    "context": true,
    "title": true,
    "number_few_shot": 2,
    "samples_number": 1007,
    "f1": 0.5183463773336608,
    "precision": 0.5237914983240102,
    "recall": 0.5845377241086158,
    "em": 0.211519364448858,
    "squad": 0.3649328708912594,
    "rouge1": 0.5387247845181591,
    "rouge2": 0.3995193384743041,
    "rougeL": 0.530613494838547,
    "rougeLsum": 0.5315979698007185
}