{
    "model": "meta-llama/Llama-2-7b-chat-hf",
    "dataset": "GEM/FairytaleQA",
    "context": true,
    "title": true,
    "number_few_shot": 0,
    "samples_number": 1007,
    "f1": 0.4028393510450902,
    "precision": 0.36788699034810374,
    "recall": 0.5939862911245396,
    "em": 0.09831181727904667,
    "squad": 0.25057558416206843,
    "rouge1": 0.41412858426684507,
    "rouge2": 0.26464735671283474,
    "rougeL": 0.3984459749639874,
    "rougeLsum": 0.39740276126349333
}