{
    "model": "meta-llama/Llama-2-7b-chat-hf",
    "dataset": "GEM/FairytaleQA",
    "context": true,
    "title": true,
    "number_few_shot": 4,
    "samples_number": 1007,
    "f1": 0.5227699803017559,
    "precision": 0.527929440814938,
    "recall": 0.5852407324964125,
    "em": 0.21946375372393248,
    "squad": 0.3711168670128442,
    "rouge1": 0.5404772111041543,
    "rouge2": 0.40756146590906894,
    "rougeL": 0.53483256862363,
    "rougeLsum": 0.5339474825811485
}