{
    "model": "meta-llama/Llama-2-7b-chat-hf",
    "dataset": "qed",
    "context": true,
    "title": true,
    "number_few_shot": 0,
    "samples_number": 1355,
    "f1": 0.5222466603462804,
    "precision": 0.5902142762818331,
    "recall": 0.5835600914800527,
    "em": 0.32693726937269374,
    "squad": 0.4245919648594871,
    "rouge1": 0.5278103996297635,
    "rouge2": 0.3210482165027584,
    "rougeL": 0.5232273346030257,
    "rougeLsum": 0.5229757601010475
}