{
    "model": "meta-llama/Llama-2-7b-chat-hf",
    "dataset": "qed",
    "context": true,
    "title": true,
    "number_few_shot": 5,
    "samples_number": 1355,
    "f1": 0.6243572303295741,
    "precision": 0.7187748434757613,
    "recall": 0.6285142597099964,
    "em": 0.42435424354243545,
    "squad": 0.5243557369360048,
    "rouge1": 0.6312947295540893,
    "rouge2": 0.39843454839611464,
    "rougeL": 0.6281448922586907,
    "rougeLsum": 0.6280228955795704
}