{
    "model": "meta-llama/Llama-2-7b-chat-hf",
    "dataset": "qed",
    "context": true,
    "title": true,
    "number_few_shot": 4,
    "samples_number": 1355,
    "f1": 0.6332478353422611,
    "precision": 0.7238214874841383,
    "recall": 0.6382875022586737,
    "em": 0.43394833948339484,
    "squad": 0.533598087412828,
    "rouge1": 0.6398296812856217,
    "rouge2": 0.4047438044253814,
    "rougeL": 0.6366376317121651,
    "rougeLsum": 0.6362808440243909
}