{
    "model": "meta-llama/Llama-2-7b-chat-hf",
    "dataset": "/gpfs/users/boizardni/llm-distillation/datasets/processed/dialogsum",
    "context": true,
    "title": false,
    "number_few_shot": 0,
    "samples_number": 500,
    "f1": 0.32490684828194644,
    "precision": 0.2721766320764014,
    "recall": 0.4570344526638351,
    "em": 0.0,
    "squad": 0.16245342414097322,
    "rouge1": 0.34099068244516495,
    "rouge2": 0.14516724116563878,
    "rougeL": 0.27710558967019683,
    "rougeLsum": 0.27723809221507123,
    "f1_bert": -0.48899882125109434,
    "precision_bert": -0.5438946864402388,
    "recall_bert": -0.42881011667847635
}