{
    "model": "meta-llama/Llama-2-7b-chat-hf",
    "dataset": "/gpfs/users/boizardni/llm-distillation/datasets/processed/dialogsum",
    "context": true,
    "title": false,
    "number_few_shot": 5,
    "samples_number": 500,
    "f1": 0.4476922759346106,
    "precision": 0.4122697160528438,
    "recall": 0.5576667087255481,
    "em": 0.002,
    "squad": 0.2248461379673053,
    "rouge1": 0.46230061155754654,
    "rouge2": 0.21793732779756222,
    "rougeL": 0.3870809961890284,
    "rougeLsum": 0.3869775204926076,
    "f1_bert": 0.5204710265845061,
    "precision_bert": 0.48440421305969356,
    "recall_bert": 0.5667231291159988
}