{
    "model": "tiiuae/falcon-7b-instruct",
    "dataset": "squad",
    "title": true,
    "number_few_shot": 0,
    "samples_number": 10570,
    "f1": 0.42953650306981656,
    "precision": 0.40311537472811987,
    "recall": 0.6279163631730985,
    "em": 0.27738883632923367,
    "squad": 0.3534626696995251,
    "rouge1": 0.4387769331428485,
    "rouge2": 0.24732619451409105,
    "rougeL": 0.4345442002303147,
    "rougeLsum": 0.4341828614420997,
    "f1_bert": 0.34849646319250766,
    "precision_bert": 0.31046954022437123,
    "recall_bert": 0.3989820203857855
}