{
    "model": "tiiuae/falcon-7b-instruct",
    "dataset": "squad",
    "title": true,
    "number_few_shot": 1,
    "samples_number": 10570,
    "f1": 0.5339647330776405,
    "precision": 0.5298241903906075,
    "recall": 0.6313821648287927,
    "em": 0.4084200567644276,
    "squad": 0.47119239492103404,
    "rouge1": 0.5418862776130162,
    "rouge2": 0.3161729729977917,
    "rougeL": 0.5384025198059877,
    "rougeLsum": 0.5383393178777822,
    "f1_bert": 0.5120214902979285,
    "precision_bert": 0.4723835033239058,
    "recall_bert": 0.5657911241193418
}