{
    "model": "tiiuae/falcon-7b-instruct",
    "dataset": "squad",
    "title": true,
    "number_few_shot": 2,
    "samples_number": 10570,
    "f1": 0.5505848823385359,
    "precision": 0.5442568912365235,
    "recall": 0.6583402800505629,
    "em": 0.4170293282876064,
    "squad": 0.48380710531307114,
    "rouge1": 0.5602609893501121,
    "rouge2": 0.3333653475562872,
    "rougeL": 0.5569561394802756,
    "rougeLsum": 0.5569300655390466,
    "f1_bert": 0.5322806648520509,
    "precision_bert": 0.4904328625619532,
    "recall_bert": 0.5878976505267636
}