{
    "model": "tiiuae/falcon-7b-instruct",
    "dataset": "squad",
    "title": true,
    "number_few_shot": 4,
    "samples_number": 10570,
    "f1": 0.5648980072788055,
    "precision": 0.5604088992508482,
    "recall": 0.6420941622972541,
    "em": 0.42790917691579944,
    "squad": 0.49640359209730245,
    "rouge1": 0.5739727487290058,
    "rouge2": 0.34997077289797485,
    "rougeL": 0.5707162859529011,
    "rougeLsum": 0.5705868040334713,
    "f1_bert": 0.542189609226882,
    "precision_bert": 0.5028346964946069,
    "recall_bert": 0.5959063363712107
}