{
    "model": "tiiuae/falcon-7b-instruct",
    "dataset": "squad",
    "title": true,
    "number_few_shot": 5,
    "samples_number": 10570,
    "f1": 0.5549742047988513,
    "precision": 0.5544704356335993,
    "recall": 0.6263674330220523,
    "em": 0.4263008514664144,
    "squad": 0.49063752813263284,
    "rouge1": 0.5653155100217807,
    "rouge2": 0.33508416638003474,
    "rougeL": 0.5619602436072673,
    "rougeLsum": 0.5615535056476342,
    "f1_bert": 0.5371853344680214,
    "precision_bert": 0.5020137926185574,
    "recall_bert": 0.5867156867698623
}