{
    "model": "tiiuae/falcon-7b-instruct",
    "dataset": "GEM/FairytaleQA",
    "title": false,
    "number_few_shot": 0,
    "samples_number": 1007,
    "f1": 0.2411440610959008,
    "precision": 0.21105287708709444,
    "recall": 0.4501853437554846,
    "em": 0.027805362462760674,
    "squad": 0.13447471177933074,
    "rouge1": 0.2586858813230896,
    "rouge2": 0.136193968232725,
    "rougeL": 0.24150914964564207,
    "rougeLsum": 0.24119522057789863,
    "f1_bert": 0.1576843322496912,
    "precision_bert": 0.12849153604339014,
    "recall_bert": 0.189301691616133
}