{
    "model": "tiiuae/falcon-7b-instruct",
    "dataset": "GEM/FairytaleQA",
    "title": false,
    "number_few_shot": 0,
    "samples_number": 1007,
    "f1": 0.08337642246309769,
    "precision": 0.05193995332251623,
    "recall": 0.48770788061813936,
    "em": 0.0,
    "squad": 0.041688211231548845,
    "rouge1": 0.09128823204941719,
    "rouge2": 0.042872077831401054,
    "rougeL": 0.08584864933806267,
    "rougeLsum": 0.08597004069273978,
    "f1_bert": -0.0689205537632116,
    "precision_bert": -0.23999762304250466,
    "recall_bert": 0.11693598687694554
}