{
    "model": "tiiuae/falcon-7b-instruct",
    "dataset": "GEM/FairytaleQA",
    "title": false,
    "number_few_shot": 1,
    "samples_number": 1007,
    "f1": 0.3056425425703759,
    "precision": 0.28191711121589486,
    "recall": 0.5109153894395291,
    "em": 0.06256206554121152,
    "squad": 0.1841023040557937,
    "rouge1": 0.3253168521039808,
    "rouge2": 0.21395319852322206,
    "rougeL": 0.31264573918339955,
    "rougeLsum": 0.31278853285715713,
    "f1_bert": 0.22192607197816097,
    "precision_bert": 0.1949974402856746,
    "recall_bert": 0.25338238354187775
}