{
    "model": "tiiuae/falcon-7b-instruct",
    "dataset": "GEM/FairytaleQA",
    "title": false,
    "number_few_shot": 2,
    "samples_number": 1007,
    "f1": 0.3642171925592773,
    "precision": 0.38317938809254576,
    "recall": 0.4400436739206113,
    "em": 0.10427010923535253,
    "squad": 0.23424365089731491,
    "rouge1": 0.3815742750225724,
    "rouge2": 0.23820194557185953,
    "rougeL": 0.36925265377065,
    "rougeLsum": 0.3690452919894899,
    "f1_bert": 0.3118485962611094,
    "precision_bert": 0.37098669316346805,
    "recall_bert": 0.25698660525509276
}