{
    "model": "tiiuae/falcon-7b-instruct",
    "dataset": "GEM/FairytaleQA",
    "title": false,
    "number_few_shot": 3,
    "samples_number": 1007,
    "f1": 0.33668914212974044,
    "precision": 0.3525405281088246,
    "recall": 0.4149759888682377,
    "em": 0.0804369414101291,
    "squad": 0.20856304176993476,
    "rouge1": 0.35802629250741436,
    "rouge2": 0.21955136579454704,
    "rougeL": 0.3462236763102314,
    "rougeLsum": 0.34549547082730697,
    "f1_bert": 0.2928255818142161,
    "precision_bert": 0.3485719994206006,
    "recall_bert": 0.24041352153278864
}