{
    "model": "tiiuae/falcon-7b-instruct",
    "dataset": "GEM/FairytaleQA",
    "title": false,
    "number_few_shot": 4,
    "samples_number": 1007,
    "f1": 0.3204782688502517,
    "precision": 0.3382566406628231,
    "recall": 0.4003755243289833,
    "em": 0.08242303872889771,
    "squad": 0.20145065378957472,
    "rouge1": 0.34236991090897145,
    "rouge2": 0.21795600073247012,
    "rougeL": 0.33319904421303226,
    "rougeLsum": 0.3322697806056466,
    "f1_bert": 0.27618729943057424,
    "precision_bert": 0.32721199406894264,
    "recall_bert": 0.2289937553568519
}