{
    "model": "tiiuae/falcon-7b-instruct",
    "dataset": "GEM/FairytaleQA",
    "title": false,
    "number_few_shot": 4,
    "samples_number": 1007,
    "f1": 0.32308585707254467,
    "precision": 0.34112996659933764,
    "recall": 0.40319380745450445,
    "em": 0.0804369414101291,
    "squad": 0.20176139924133688,
    "rouge1": 0.34364678222417067,
    "rouge2": 0.21919559565030622,
    "rougeL": 0.33464099130484304,
    "rougeLsum": 0.33519497143097277,
    "f1_bert": 0.275152855788461,
    "precision_bert": 0.324364938259577,
    "recall_bert": 0.2297887222855775
}