{
    "model": "tiiuae/falcon-7b-instruct",
    "dataset": "GEM/FairytaleQA",
    "title": false,
    "number_few_shot": 5,
    "samples_number": 1007,
    "f1": 0.3472756839880145,
    "precision": 0.3798998156909166,
    "recall": 0.3939461900726535,
    "em": 0.08937437934458789,
    "squad": 0.21832503166630118,
    "rouge1": 0.36738936287355073,
    "rouge2": 0.2310807382061003,
    "rougeL": 0.35809824564392134,
    "rougeLsum": 0.3582026457143984,
    "f1_bert": 0.31530129900428744,
    "precision_bert": 0.39735152856084954,
    "recall_bert": 0.23767684171594888
}