{
    "model": "tiiuae/falcon-7b-instruct",
    "dataset": "GEM/FairytaleQA",
    "title": false,
    "number_few_shot": 5,
    "samples_number": 1007,
    "f1": 0.3505156644256494,
    "precision": 0.3834280144241612,
    "recall": 0.3971112432222192,
    "em": 0.08937437934458789,
    "squad": 0.21994502188511866,
    "rouge1": 0.3729013672423805,
    "rouge2": 0.23222034326736257,
    "rougeL": 0.3614851846649919,
    "rougeLsum": 0.36169064129112977,
    "f1_bert": 0.3179825886180488,
    "precision_bert": 0.4012432476345985,
    "recall_bert": 0.23899184349771033
}