{
    "model": "meta-llama/Llama-2-7b-chat-hf",
    "dataset": "/gpfs/users/boizardni/llm-distillation/datasets/processed/pubmed_qa",
    "title": false,
    "number_few_shot": 0,
    "samples_number": 500,
    "f1": 0.298356803380145,
    "precision": 0.26801229555137857,
    "recall": 0.4112561488941596,
    "em": 0.0,
    "squad": 0.1491784016900725,
    "rouge1": 0.31729853085844395,
    "rouge2": 0.11552950831979149,
    "rougeL": 0.21690804742378866,
    "rougeLsum": 0.21724860443702929,
    "f1_bert": 0.26773875650111584,
    "precision_bert": 0.20356212806217808,
    "recall_bert": 0.33376117021963
}