{
    "model": "meta-llama/Llama-2-7b-chat-hf",
    "dataset": "/gpfs/users/boizardni/llm-distillation/datasets/processed/pubmed_qa",
    "title": false,
    "number_few_shot": 1,
    "samples_number": 500,
    "f1": 0.30679493430449356,
    "precision": 0.3078136690542095,
    "recall": 0.3757089620037645,
    "em": 0.0,
    "squad": 0.15339746715224678,
    "rouge1": 0.32596364082253443,
    "rouge2": 0.11931741564761283,
    "rougeL": 0.22576675886835745,
    "rougeLsum": 0.2258870726768032,
    "f1_bert": 0.28156982148764653,
    "precision_bert": 0.23944144827662966,
    "recall_bert": 0.3248652704656124
}