{
    "model": "meta-llama/Llama-2-7b-chat-hf",
    "dataset": "/gpfs/users/boizardni/llm-distillation/datasets/processed/pubmed_qa",
    "title": false,
    "number_few_shot": 2,
    "samples_number": 500,
    "f1": 0.3099062524944291,
    "precision": 0.3310960352131909,
    "recall": 0.3492343391575026,
    "em": 0.0,
    "squad": 0.15495312624721455,
    "rouge1": 0.33016339402649764,
    "rouge2": 0.12245120870435153,
    "rougeL": 0.23713578649704975,
    "rougeLsum": 0.23699894706075647,
    "f1_bert": 0.2983699572812766,
    "precision_bert": 0.2731216800957918,
    "recall_bert": 0.32435421048896385
}