{
    "model": "meta-llama/Llama-2-7b-chat-hf",
    "dataset": "/gpfs/users/boizardni/llm-distillation/datasets/processed/pubmed_qa",
    "title": false,
    "number_few_shot": 4,
    "samples_number": 500,
    "f1": 0.3134836435783494,
    "precision": 0.29638317602359887,
    "recall": 0.39820457804108783,
    "em": 0.0,
    "squad": 0.1567418217891747,
    "rouge1": 0.33319619578949855,
    "rouge2": 0.1250142640448177,
    "rougeL": 0.22897171161975846,
    "rougeLsum": 0.22888745024472962,
    "f1_bert": 0.28952438902296124,
    "precision_bert": 0.24223542409902438,
    "recall_bert": 0.33791553210280834
}