{
    "model": "meta-llama/Llama-2-7b-chat-hf",
    "dataset": "/gpfs/users/boizardni/llm-distillation/datasets/processed/pubmed_qa",
    "title": false,
    "number_few_shot": 5,
    "samples_number": 500,
    "f1": 0.3101150130268016,
    "precision": 0.27986097408596583,
    "recall": 0.4175907087527212,
    "em": 0.0,
    "squad": 0.1550575065134008,
    "rouge1": 0.32904147417653606,
    "rouge2": 0.12039036556113081,
    "rougeL": 0.22466264534281138,
    "rougeLsum": 0.22501018011224339,
    "f1_bert": 0.2786901197519619,
    "precision_bert": 0.2198609014991671,
    "recall_bert": 0.33877922797761856
}