{
    "model": "mistralai/Mistral-7B-Instruct-v0.2",
    "dataset": "squad",
    "title": false,
    "number_few_shot": 0,
    "samples_number": 10570,
    "f1": 0.4550184403224941,
    "precision": 0.3632025519202595,
    "recall": 0.9473027480537815,
    "em": 0.1586565752128666,
    "squad": 0.3068375077676804,
    "rouge1": 0.45065207026612597,
    "rouge2": 0.32150583153514,
    "rougeL": 0.4464021660294788,
    "rougeLsum": 0.44612108155470276,
    "f1_bert": 0.3283835630507569,
    "precision_bert": 0.20754065316263667,
    "recall_bert": 0.4622069098819765
}