{
    "model": "mistralai/Mistral-7B-Instruct-v0.2",
    "dataset": "squad",
    "title": false,
    "number_few_shot": 1,
    "samples_number": 10570,
    "f1": 0.5912687071867541,
    "precision": 0.5178862192257094,
    "recall": 0.94288967505956,
    "em": 0.3187322611163671,
    "squad": 0.4550004841515606,
    "rouge1": 0.588552311096314,
    "rouge2": 0.42149493183174624,
    "rougeL": 0.5839225675114106,
    "rougeLsum": 0.5838690322566318,
    "f1_bert": 0.48165156331682946,
    "precision_bert": 0.387025036275364,
    "recall_bert": 0.5880545315339649
}