{
    "model": "mistralai/Mistral-7B-Instruct-v0.2",
    "dataset": "squad",
    "title": false,
    "number_few_shot": 1,
    "samples_number": 10570,
    "f1": 0.7172306257006018,
    "precision": 0.6791629636924548,
    "recall": 0.8968239832130838,
    "em": 0.4356669820245979,
    "squad": 0.5764488038625999,
    "rouge1": 0.7187575473959136,
    "rouge2": 0.5026579670683575,
    "rougeL": 0.7139114201265343,
    "rougeLsum": 0.7135437241319893,
    "f1_bert": 0.6103240805378527,
    "precision_bert": 0.5698504637429436,
    "recall_bert": 0.6628163522160342
}