{
    "model": "mistralai/Mistral-7B-Instruct-v0.2",
    "dataset": "squad",
    "title": false,
    "number_few_shot": 2,
    "samples_number": 10570,
    "f1": 0.7358427514496078,
    "precision": 0.7038413611672024,
    "recall": 0.8965212878365701,
    "em": 0.47019867549668876,
    "squad": 0.6030207134731482,
    "rouge1": 0.7371719673833754,
    "rouge2": 0.5059672194915692,
    "rougeL": 0.7309375647373061,
    "rougeLsum": 0.730943765838906,
    "f1_bert": 0.6383263825747797,
    "precision_bert": 0.5902863531151845,
    "recall_bert": 0.6998552837713582
}