{
    "model": "mistralai/Mistral-7B-Instruct-v0.2",
    "dataset": "squad",
    "title": false,
    "number_few_shot": 2,
    "samples_number": 10570,
    "f1": 0.6170230178070617,
    "precision": 0.5497753399960742,
    "recall": 0.9443674599546401,
    "em": 0.3597918637653737,
    "squad": 0.4884074407862177,
    "rouge1": 0.6154946397261485,
    "rouge2": 0.433743552692056,
    "rougeL": 0.6107684185192664,
    "rougeLsum": 0.6108159863273315,
    "f1_bert": 0.5193751544742069,
    "precision_bert": 0.42495153394143803,
    "recall_bert": 0.6262843395300994
}