{
    "model": "mistralai/Mistral-7B-Instruct-v0.2",
    "dataset": "squad",
    "title": false,
    "number_few_shot": 3,
    "samples_number": 10570,
    "f1": 0.7543287534728752,
    "precision": 0.7293050459757354,
    "recall": 0.8920209120986696,
    "em": 0.5090823084200568,
    "squad": 0.631705530946466,
    "rouge1": 0.7559192767020633,
    "rouge2": 0.5114850247470655,
    "rougeL": 0.7503042829699005,
    "rougeLsum": 0.7503675456727252,
    "f1_bert": 0.6602428542726512,
    "precision_bert": 0.6166666048647295,
    "recall_bert": 0.7173328009051653
}