{
    "model": "mistralai/Mistral-7B-Instruct-v0.2",
    "dataset": "squad",
    "title": false,
    "number_few_shot": 4,
    "samples_number": 10570,
    "f1": 0.7367958799995065,
    "precision": 0.7029586341669386,
    "recall": 0.9054496269734371,
    "em": 0.4878902554399243,
    "squad": 0.6123430677197154,
    "rouge1": 0.7367451967888807,
    "rouge2": 0.5136363054899913,
    "rougeL": 0.7321140722064599,
    "rougeLsum": 0.7321383291603998,
    "f1_bert": 0.6391560884490587,
    "precision_bert": 0.5861569752190251,
    "recall_bert": 0.7054586235256872
}