{
    "model": "mistralai/Mistral-7B-Instruct-v0.2",
    "dataset": "squad",
    "title": false,
    "number_few_shot": 4,
    "samples_number": 10570,
    "f1": 0.6043590653227721,
    "precision": 0.5382489933445493,
    "recall": 0.9434646852137013,
    "em": 0.35506149479659416,
    "squad": 0.4797102800596831,
    "rouge1": 0.6010523387057989,
    "rouge2": 0.42437655354770903,
    "rougeL": 0.596674475401816,
    "rougeLsum": 0.596963803774984,
    "f1_bert": 0.5008896209565533,
    "precision_bert": 0.40174738523966474,
    "recall_bert": 0.6127403056963628
}