{
    "model": "mistralai/Mistral-7B-Instruct-v0.2",
    "dataset": "squad",
    "title": false,
    "number_few_shot": 5,
    "samples_number": 10570,
    "f1": 0.6119828051690187,
    "precision": 0.5478565791206239,
    "recall": 0.9416250653672934,
    "em": 0.36688741721854307,
    "squad": 0.4894351111937809,
    "rouge1": 0.6088649468742237,
    "rouge2": 0.4275422909035099,
    "rougeL": 0.6042125992291683,
    "rougeLsum": 0.6044149596068555,
    "f1_bert": 0.5120754271377141,
    "precision_bert": 0.41408794399483884,
    "recall_bert": 0.623064840305101
}