{
    "model": "mistralai/Mistral-7B-Instruct-v0.2",
    "dataset": "squad",
    "title": false,
    "number_few_shot": 5,
    "samples_number": 10570,
    "f1": 0.7416897401919534,
    "precision": 0.7113787229081185,
    "recall": 0.8975591290524956,
    "em": 0.5024597918637653,
    "squad": 0.6220747660278594,
    "rouge1": 0.7430971361578576,
    "rouge2": 0.5130916508898105,
    "rougeL": 0.7377393083863304,
    "rougeLsum": 0.7379399411372121,
    "f1_bert": 0.6485553236199944,
    "precision_bert": 0.5985014191340783,
    "recall_bert": 0.7116248869760544
}