{
    "model": "mistralai/Mistral-7B-Instruct-v0.2",
    "dataset": "/gpfs/users/boizardni/llm-distillation/datasets/processed/pubmed_qa",
    "title": false,
    "number_few_shot": 1,
    "samples_number": 500,
    "f1": 0.3039068421359923,
    "precision": 0.30012912512245776,
    "recall": 0.35878165527309125,
    "em": 0.0,
    "squad": 0.15195342106799614,
    "rouge1": 0.3232321338188499,
    "rouge2": 0.11173484690291992,
    "rougeL": 0.22358839480547074,
    "rougeLsum": 0.22327459137551492,
    "f1_bert": 0.2936125784828328,
    "precision_bert": 0.2579384625907987,
    "recall_bert": 0.32965373422577976
}