{
    "model": "mistralai/Mistral-7B-Instruct-v0.2",
    "dataset": "/gpfs/users/boizardni/llm-distillation/datasets/processed/pubmed_qa",
    "title": false,
    "number_few_shot": 2,
    "samples_number": 500,
    "f1": 0.30426046927598,
    "precision": 0.3115810884595667,
    "recall": 0.3422785550341928,
    "em": 0.0,
    "squad": 0.15213023463799,
    "rouge1": 0.3264790232820466,
    "rouge2": 0.11344066440254705,
    "rougeL": 0.22765751493578545,
    "rougeLsum": 0.227649206522892,
    "f1_bert": 0.3048205578797497,
    "precision_bert": 0.2795686321305693,
    "recall_bert": 0.3303218857049942
}