{
    "model": "mistralai/Mistral-7B-Instruct-v0.2",
    "dataset": "/gpfs/users/boizardni/llm-distillation/datasets/processed/pubmed_qa",
    "title": false,
    "number_few_shot": 4,
    "samples_number": 500,
    "f1": 0.3039986370058402,
    "precision": 0.2713746108949318,
    "recall": 0.39801632155174554,
    "em": 0.0,
    "squad": 0.1519993185029201,
    "rouge1": 0.3235220199213136,
    "rouge2": 0.1104842021634193,
    "rougeL": 0.2221072465549408,
    "rougeLsum": 0.22227751440115884,
    "f1_bert": 0.2924984582439065,
    "precision_bert": 0.23711479610297828,
    "recall_bert": 0.34874031352996826
}