{
    "model": "mistralai/Mistral-7B-Instruct-v0.2",
    "dataset": "/gpfs/users/boizardni/llm-distillation/datasets/processed/dialogsum",
    "title": false,
    "number_few_shot": 0,
    "samples_number": 500,
    "f1": 0.31015421159773887,
    "precision": 0.27735497924997893,
    "recall": 0.3922020210281875,
    "em": 0.0,
    "squad": 0.15507710579886944,
    "rouge1": 0.33471335573260974,
    "rouge2": 0.11872620796168948,
    "rougeL": 0.2678199255182531,
    "rougeLsum": 0.2680125743588406,
    "f1_bert": 0.313439468100667,
    "precision_bert": 0.3317583946920931,
    "recall_bert": 0.30531821147166194
}