{
    "model": "mistralai/Mistral-7B-Instruct-v0.2",
    "dataset": "/gpfs/users/boizardni/llm-distillation/datasets/processed/dialogsum",
    "title": false,
    "number_few_shot": 1,
    "samples_number": 500,
    "f1": 0.09051770874921386,
    "precision": 0.07135294117647091,
    "recall": 0.13888052368212936,
    "em": 0.0,
    "squad": 0.04525885437460693,
    "rouge1": 0.1313535673707276,
    "rouge2": 0.006737571031517171,
    "rougeL": 0.10864959413592609,
    "rougeLsum": 0.10857734189104801,
    "f1_bert": -0.01647806474121171,
    "precision_bert": -0.032564770245218824,
    "recall_bert": 0.007051954491005745
}