{
    "model": "mistralai/Mistral-7B-Instruct-v0.2",
    "dataset": "/gpfs/users/boizardni/llm-distillation/datasets/processed/dialogsum",
    "title": false,
    "number_few_shot": 2,
    "samples_number": 500,
    "f1": 0.09051770874921386,
    "precision": 0.07135294117647091,
    "recall": 0.13888052368212936,
    "em": 0.0,
    "squad": 0.04525885437460693,
    "rouge1": 0.13156111834898782,
    "rouge2": 0.006770119826735026,
    "rougeL": 0.10856624944104176,
    "rougeLsum": 0.1087014123840113,
    "f1_bert": -0.01647805627269554,
    "precision_bert": -0.032564768114585606,
    "recall_bert": 0.0070519679006538355
}