{
    "model": "mistralai/Mistral-7B-Instruct-v0.2",
    "dataset": "/gpfs/users/boizardni/llm-distillation/datasets/processed/dialogsum",
    "title": false,
    "number_few_shot": 3,
    "samples_number": 500,
    "f1": 0.09051770874921386,
    "precision": 0.07135294117647091,
    "recall": 0.13888052368212936,
    "em": 0.0,
    "squad": 0.04525885437460693,
    "rouge1": 0.13137324100373077,
    "rouge2": 0.00672546356999212,
    "rougeL": 0.10859194384801074,
    "rougeLsum": 0.10862752627816825,
    "f1_bert": -0.01647805838214117,
    "precision_bert": -0.03256476742913219,
    "recall_bert": 0.0070519580044201575
}