{
    "model": "mistralai/Mistral-7B-Instruct-v0.2",
    "dataset": "/gpfs/users/boizardni/llm-distillation/datasets/processed/dialogsum",
    "title": false,
    "number_few_shot": 3,
    "samples_number": 500,
    "f1": 0.3670905353722259,
    "precision": 0.3183947356892282,
    "recall": 0.4847848155115602,
    "em": 0.0,
    "squad": 0.18354526768611296,
    "rouge1": 0.38636049190862587,
    "rouge2": 0.16470444459778333,
    "rougeL": 0.3146753304211657,
    "rougeLsum": 0.3144572606354118,
    "f1_bert": 0.39669829365983605,
    "precision_bert": 0.3945878773685545,
    "recall_bert": 0.4091149118375033
}