{
    "model": "mistralai/Mistral-7B-Instruct-v0.2",
    "dataset": "/gpfs/users/boizardni/llm-distillation/datasets/processed/dialogsum",
    "title": false,
    "number_few_shot": 4,
    "samples_number": 500,
    "f1": 0.34715805549183104,
    "precision": 0.29019592390697935,
    "recall": 0.48687413945693603,
    "em": 0.0,
    "squad": 0.17357902774591552,
    "rouge1": 0.3677360376231723,
    "rouge2": 0.15809286719072047,
    "rougeL": 0.3008888227088605,
    "rougeLsum": 0.3006564534757181,
    "f1_bert": 0.3825671847835183,
    "precision_bert": 0.37893800652585924,
    "recall_bert": 0.39515800289250913
}