{
    "model": "mistralai/Mistral-7B-Instruct-v0.2",
    "dataset": "/gpfs/users/boizardni/llm-distillation/datasets/processed/dialogsum",
    "title": false,
    "number_few_shot": 5,
    "samples_number": 500,
    "f1": 0.09051770874921386,
    "precision": 0.07135294117647091,
    "recall": 0.13888052368212936,
    "em": 0.0,
    "squad": 0.04525885437460693,
    "rouge1": 0.13156246051661458,
    "rouge2": 0.0067459069454716344,
    "rougeL": 0.1086635575584079,
    "rougeLsum": 0.10850383124441942,
    "f1_bert": -0.016478060503228333,
    "precision_bert": -0.03256476812902111,
    "recall_bert": 0.007051965043356177
}