{
    "model": "mistralai/Mistral-7B-Instruct-v0.2",
    "dataset": "/gpfs/users/boizardni/llm-distillation/datasets/processed/dialogsum",
    "title": false,
    "number_few_shot": 5,
    "samples_number": 500,
    "f1": 0.4084984373994092,
    "precision": 0.37725671904894426,
    "recall": 0.4988919724120911,
    "em": 0.0,
    "squad": 0.2042492186997046,
    "rouge1": 0.42708773052586446,
    "rouge2": 0.18636451716380398,
    "rougeL": 0.3507030726109268,
    "rougeLsum": 0.350885733478278,
    "f1_bert": 0.45985267040133476,
    "precision_bert": 0.4536445564487949,
    "recall_bert": 0.477816933054477
}