{
    "model": "/linkhome/rech/genrce01/udv55np/llm-distillation/models/pythia-410m/fairytaleQA/1e-6/0/1068",
    "dataset": "GEM/FairytaleQA",
    "context": false,
    "title": false,
    "number_few_shot": 0,
    "samples_number": 1007,
    "f1": 0.3924186669329677,
    "precision": 0.414752480128862,
    "recall": 0.43722257919385965,
    "em": 0.13704071499503476,
    "squad": 0.26472969096400123,
    "rouge1": 0.4053788291106935,
    "rouge2": 0.28641381084457146,
    "rougeL": 0.3992614691566842,
    "rougeLsum": 0.39988911177646536
}