{
    "model": "mistralai/Mistral-7B-Instruct-v0.2",
    "dataset": "/gpfs/users/boizardni/llm-distillation/datasets/processed/dialogsum",
    "title": false,
    "number_few_shot": 2,
    "samples_number": 500,
    "f1": 0.4101081124509128,
    "precision": 0.35864232582356226,
    "recall": 0.5378424790815062,
    "em": 0.0,
    "squad": 0.2050540562254564,
    "rouge1": 0.4269005700485591,
    "rouge2": 0.1782333480790407,
    "rougeL": 0.34698257574673275,
    "rougeLsum": 0.34712685032135693,
    "f1_bert": 0.48672717247903347,
    "precision_bert": 0.4453356900843792,
    "recall_bert": 0.5413468542397022
}