{
    "model": "meta-llama/Llama-2-7b-chat-hf",
    "dataset": "GEM/FairytaleQA",
    "title": false,
    "number_few_shot": 0,
    "samples_number": 1007,
    "f1": 0.36792901631542535,
    "precision": 0.32465093509992476,
    "recall": 0.5693051363995525,
    "em": 0.06951340615690169,
    "squad": 0.2187212112361635,
    "rouge1": 0.3792816898291339,
    "rouge2": 0.2246145957309833,
    "rougeL": 0.3604999292057228,
    "rougeLsum": 0.3604288395908257,
    "f1_bert": 0.26748729072136745,
    "precision_bert": 0.258754163503571,
    "recall_bert": 0.27803168285117275
}