{
    "model": "meta-llama/Llama-2-7b-chat-hf",
    "dataset": "GEM/FairytaleQA",
    "title": false,
    "number_few_shot": 1,
    "samples_number": 1007,
    "f1": 0.46988648223202717,
    "precision": 0.45847572565953576,
    "recall": 0.5868630576035654,
    "em": 0.14796425024826215,
    "squad": 0.30892536624014466,
    "rouge1": 0.48850141531992675,
    "rouge2": 0.32913512206935824,
    "rougeL": 0.4769735821337707,
    "rougeLsum": 0.477078528261473,
    "f1_bert": 0.36467608894031195,
    "precision_bert": 0.3956204944284383,
    "recall_bert": 0.3368962610421019
}