{
    "model": "meta-llama/Llama-2-7b-chat-hf",
    "dataset": "GEM/FairytaleQA",
    "title": false,
    "number_few_shot": 2,
    "samples_number": 1007,
    "f1": 0.5011525434268589,
    "precision": 0.49368182047610326,
    "recall": 0.6018626470697973,
    "em": 0.17676266137040714,
    "squad": 0.33895760239863304,
    "rouge1": 0.5214668363858317,
    "rouge2": 0.3734919798230601,
    "rougeL": 0.5106991967431527,
    "rougeLsum": 0.5106534529999063,
    "f1_bert": 0.4006754264358386,
    "precision_bert": 0.43953939307552264,
    "recall_bert": 0.3654371126530745
}