{
    "model": "meta-llama/Llama-2-7b-chat-hf",
    "dataset": "GEM/FairytaleQA",
    "title": false,
    "number_few_shot": 3,
    "samples_number": 1007,
    "f1": 0.5008130594139583,
    "precision": 0.5065874614342258,
    "recall": 0.5772865686361274,
    "em": 0.1817279046673287,
    "squad": 0.3412704820406435,
    "rouge1": 0.5239749030336858,
    "rouge2": 0.3732542740974582,
    "rougeL": 0.5132571476603041,
    "rougeLsum": 0.5145012693339802,
    "f1_bert": 0.4083321109652134,
    "precision_bert": 0.46373443756564203,
    "recall_bert": 0.3567581590009084
}