{
    "model": "meta-llama/Llama-2-7b-chat-hf",
    "dataset": "GEM/FairytaleQA",
    "title": false,
    "number_few_shot": 4,
    "samples_number": 1007,
    "f1": 0.5086264187992354,
    "precision": 0.5180791006733473,
    "recall": 0.5762356120852041,
    "em": 0.18967229394240318,
    "squad": 0.3491493563708193,
    "rouge1": 0.5278537067596323,
    "rouge2": 0.38111271383608225,
    "rougeL": 0.5184669208415382,
    "rougeLsum": 0.5185811786390792,
    "f1_bert": 0.4125107513008179,
    "precision_bert": 0.47366171703915977,
    "recall_bert": 0.35534883795158456
}