{
    "model": "meta-llama/Llama-2-7b-chat-hf",
    "dataset": "GEM/FairytaleQA",
    "title": false,
    "number_few_shot": 5,
    "samples_number": 1007,
    "f1": 0.5014316287740499,
    "precision": 0.5082066974952265,
    "recall": 0.58241456419483,
    "em": 0.17576961271102284,
    "squad": 0.3386006207425364,
    "rouge1": 0.5208672553221976,
    "rouge2": 0.3692861936889371,
    "rougeL": 0.511034230843233,
    "rougeLsum": 0.5112223020138841,
    "f1_bert": 0.40985629615714253,
    "precision_bert": 0.47300400310620255,
    "recall_bert": 0.3508170772470542
}