{
    "model": "meta-llama/Llama-2-7b-hf",
    "number_few_shot": 2,
    "context": "Extract the text that answers the question. If the answer is not in the passage, answer 'no response'.\n\n",
    "dataset": "squad_v2",
    "samples_number": 11873,
    "f1": 0.3972484620714699,
    "precision": 0.3971002097928607,
    "recall": 0.41755291417166707,
    "em": 0.3360565990061484,
    "squad": 0.3666525305388092
}