{
    "model": "meta-llama/Llama-2-7b-hf",
    "number_few_shot": 5,
    "context": "",
    "dataset": "squad_v2",
    "samples_number": 11873,
    "f1": 0.39166455706917985,
    "precision": 0.3834982512384954,
    "recall": 0.4331248519578099,
    "em": 0.3124736797776468,
    "squad": 0.3520691184234133
}