{
    "model": "meta-llama/Llama-2-7b-hf",
    "number_few_shot": 5,
    "context": "Extract the text that answers the question. If the answer is not in the passage, answer 'no response'.\n\n",
    "dataset": "squad_v2",
    "samples_number": 11873,
    "f1": 0.3886336850899176,
    "precision": 0.3801464174618826,
    "recall": 0.4307754787017575,
    "em": 0.31070496083550914,
    "squad": 0.34966932296271336
}