{
    "model": "EleutherAI/pythia-410m-deduped",
    "number_few_shot": 2,
    "context": "",
    "dataset": "squad_v2",
    "samples_number": 11873,
    "f1": 0.1762523173325347,
    "precision": 0.1687948882769734,
    "recall": 0.23068749639435618,
    "em": 0.09769004619907602,
    "squad": 0.13697118176580536
}