{
    "model": "tiiuae/falcon-7b-instruct",
    "dataset": "squad",
    "title": false,
    "number_few_shot": 0,
    "samples_number": 10570,
    "f1": 0.4348463221615166,
    "precision": 0.40272387794584386,
    "recall": 0.6618077101128405,
    "em": 0.27086092715231785,
    "squad": 0.3528536246569172,
    "rouge1": 0.44176582965436395,
    "rouge2": 0.254899869439538,
    "rougeL": 0.43661116085563534,
    "rougeLsum": 0.4368892030134365,
    "f1_bert": 0.3365952202551464,
    "precision_bert": 0.29447675379516736,
    "recall_bert": 0.3912236488976237
}