{
    "model": "tiiuae/falcon-7b-instruct",
    "dataset": "squad",
    "title": false,
    "number_few_shot": 1,
    "samples_number": 10570,
    "f1": 0.5483582078620037,
    "precision": 0.5400681702009574,
    "recall": 0.6719963650704429,
    "em": 0.4187322611163671,
    "squad": 0.4835452344891854,
    "rouge1": 0.5555144551045595,
    "rouge2": 0.3299148239282916,
    "rougeL": 0.5516467689592975,
    "rougeLsum": 0.551746911631346,
    "f1_bert": 0.5230372094887065,
    "precision_bert": 0.47608646778987995,
    "recall_bert": 0.5838254603042361
}