{
    "model": "tiiuae/falcon-7b-instruct",
    "dataset": "squad",
    "title": false,
    "number_few_shot": 2,
    "samples_number": 10570,
    "f1": 0.566041266388628,
    "precision": 0.5583939890443329,
    "recall": 0.6737814036102843,
    "em": 0.4303689687795648,
    "squad": 0.49820511758409636,
    "rouge1": 0.5747997876617035,
    "rouge2": 0.34678017686720736,
    "rougeL": 0.571667323257472,
    "rougeLsum": 0.5714723795322245,
    "f1_bert": 0.5483233687876593,
    "precision_bert": 0.5065307845884236,
    "recall_bert": 0.6031573301585099
}