{
    "model": "tiiuae/falcon-7b-instruct",
    "dataset": "squad",
    "title": false,
    "number_few_shot": 2,
    "samples_number": 10570,
    "f1": 0.5674889175485506,
    "precision": 0.5612914003856397,
    "recall": 0.6701108389931442,
    "em": 0.4327341532639546,
    "squad": 0.5001115354062526,
    "rouge1": 0.5768698031398508,
    "rouge2": 0.34670454521129457,
    "rougeL": 0.573068831402407,
    "rougeLsum": 0.5731992568430642,
    "f1_bert": 0.5480218279297892,
    "precision_bert": 0.5081826375193287,
    "recall_bert": 0.6009153713284279
}