{
    "model": "tiiuae/falcon-7b-instruct",
    "dataset": "squad",
    "title": false,
    "number_few_shot": 4,
    "samples_number": 10570,
    "f1": 0.5756967455584403,
    "precision": 0.5692897643948841,
    "recall": 0.6636238323272664,
    "em": 0.43973509933774835,
    "squad": 0.5077159224480943,
    "rouge1": 0.5843645900139538,
    "rouge2": 0.3587944127080437,
    "rougeL": 0.5810155159619368,
    "rougeLsum": 0.5811570354306923,
    "f1_bert": 0.5511042269235833,
    "precision_bert": 0.5091766091874615,
    "recall_bert": 0.6075464712641085
}