{
    "model": "tiiuae/falcon-7b-instruct",
    "dataset": "squad",
    "title": false,
    "number_few_shot": 5,
    "samples_number": 10570,
    "f1": 0.5756594031404194,
    "precision": 0.5733626012936737,
    "recall": 0.6516119397319015,
    "em": 0.44616840113528855,
    "squad": 0.5109139021378539,
    "rouge1": 0.5849419271799643,
    "rouge2": 0.34968689206620596,
    "rougeL": 0.5817442008540692,
    "rougeLsum": 0.5816511882538766,
    "f1_bert": 0.5532394812043469,
    "precision_bert": 0.5162321519210555,
    "recall_bert": 0.6048273221247565
}