{
    "model": "mistralai/Mistral-7B-Instruct-v0.2",
    "dataset": "/gpfs/users/boizardni/llm-distillation/datasets/processed/qed",
    "title": true,
    "number_few_shot": 5,
    "samples_number": 1355,
    "f1": 0.5301731176934711,
    "precision": 0.5471618894871836,
    "recall": 0.6806940261320201,
    "em": 0.25092250922509224,
    "squad": 0.3905478134592817,
    "rouge1": 0.5349026562415782,
    "rouge2": 0.3394229881792157,
    "rougeL": 0.5231531052044491,
    "rougeLsum": 0.5229674043998994,
    "f1_bert": 0.4117254078721351,
    "precision_bert": 0.38368469364032565,
    "recall_bert": 0.44785712155078733
}