{
    "model": "meta-llama/Llama-2-7b-hf",
    "number_few_shot": 0,
    "context": "",
    "dataset": "squad",
    "samples_number": 10570,
    "f1": 0.6248598072165811,
    "precision": 0.6020344739043927,
    "recall": 0.7525276406282186,
    "em": 0.45156102175969726,
    "squad": 0.5382104144881392
}