{
    "model": "meta-llama/Llama-2-7b-hf",
    "number_few_shot": 5,
    "context": "",
    "dataset": "squad",
    "samples_number": 10570,
    "f1": 0.7997414664559783,
    "precision": 0.7832430665353813,
    "recall": 0.8792914257200699,
    "em": 0.6506149479659413,
    "squad": 0.7251782072109598
}