{
    "model": "meta-llama/Llama-2-7b-hf",
    "number_few_shot": 0,
    "context": "Reading comprehension with the answer to the question to be extracted from the passage only.\n\n",
    "dataset": "squad",
    "samples_number": 10570,
    "f1": 0.7177755661184826,
    "precision": 0.7180356509077174,
    "recall": 0.7629615258239142,
    "em": 0.5928098391674551,
    "squad": 0.6552927026429689
}