{
    "model": "EleutherAI/pythia-410m-deduped",
    "number_few_shot": 5,
    "context": "Reading comprehension with the answer to the question to be extracted from the passage only.\n\n",
    "dataset": "squad",
    "samples_number": 10570,
    "f1": 0.39370541246747887,
    "precision": 0.38105700880767746,
    "recall": 0.48975702156374906,
    "em": 0.23812677388836329,
    "squad": 0.3159160931779211
}