{
    "model": "EleutherAI/pythia-410m-deduped",
    "number_few_shot": 2,
    "context": "Reading comprehension with the answer to the question to be extracted from the passage only.\n\n",
    "dataset": "squad",
    "samples_number": 10570,
    "f1": 0.37963242632736943,
    "precision": 0.36488806684673125,
    "recall": 0.48081457159585284,
    "em": 0.22488174077578052,
    "squad": 0.302257083551575
}