{
    "model": "/linkhome/rech/genrce01/udv55np/llm-distillation/models/pythia-410m/fairytaleQA/1e-6/1/3404",
    "dataset": "GEM/FairytaleQA",
    "context": false,
    "title": false,
    "number_few_shot": 0,
    "samples_number": 1007,
    "f1": 0.41145247351956904,
    "precision": 0.4265167938919781,
    "recall": 0.4655855377200411,
    "em": 0.14697120158887786,
    "squad": 0.27921183755422346,
    "rouge1": 0.42533346293895136,
    "rouge2": 0.3037822811379133,
    "rougeL": 0.4202074126845905,
    "rougeLsum": 0.4195881049769781
}