{
    "model": "mistralai/Mistral-7B-Instruct-v0.2",
    "dataset": "GEM/FairytaleQA",
    "title": true,
    "number_few_shot": 0,
    "samples_number": 1007,
    "f1": 0.299620201493242,
    "precision": 0.2553996103771307,
    "recall": 0.5106362752065615,
    "em": 0.015888778550148957,
    "squad": 0.15775449002169548,
    "rouge1": 0.3193354535658071,
    "rouge2": 0.17895523081780626,
    "rougeL": 0.29962775519007634,
    "rougeLsum": 0.299411252444974,
    "f1_bert": 0.23105404325161483,
    "precision_bert": 0.21309798535534638,
    "recall_bert": 0.24919619073898774
}