{
    "model": "mistralai/Mistral-7B-Instruct-v0.2",
    "dataset": "GEM/FairytaleQA",
    "title": true,
    "number_few_shot": 1,
    "samples_number": 1007,
    "f1": 0.35159279974926383,
    "precision": 0.2932681597703786,
    "recall": 0.6207603134148598,
    "em": 0.05858987090367428,
    "squad": 0.20509133532646906,
    "rouge1": 0.36790364574951917,
    "rouge2": 0.25166121096173344,
    "rougeL": 0.3520877969234215,
    "rougeLsum": 0.3522225716037187,
    "f1_bert": 0.2564064528541769,
    "precision_bert": 0.21247560802145152,
    "recall_bert": 0.3021158122035544
}