{
    "model": "mistralai/Mistral-7B-Instruct-v0.2",
    "dataset": "GEM/FairytaleQA",
    "title": true,
    "number_few_shot": 2,
    "samples_number": 1007,
    "f1": 0.3951048527836282,
    "precision": 0.3477287294054619,
    "recall": 0.6238539829198064,
    "em": 0.09433962264150944,
    "squad": 0.24472223771256885,
    "rouge1": 0.4126440574234531,
    "rouge2": 0.28757613696783324,
    "rougeL": 0.3975884190249892,
    "rougeLsum": 0.39670137401199385,
    "f1_bert": 0.29473590862801086,
    "precision_bert": 0.26985652634938495,
    "recall_bert": 0.3216911851988098
}