{
    "model": "mistralai/Mistral-7B-Instruct-v0.2",
    "dataset": "GEM/FairytaleQA",
    "title": true,
    "number_few_shot": 2,
    "samples_number": 1007,
    "f1": 0.4258745192152814,
    "precision": 0.4141303423250711,
    "recall": 0.5601681933191295,
    "em": 0.10427010923535253,
    "squad": 0.26507231422531696,
    "rouge1": 0.44986789210278294,
    "rouge2": 0.30835831293436433,
    "rougeL": 0.43558050128271386,
    "rougeLsum": 0.43505736624277846,
    "f1_bert": 0.3457161296312091,
    "precision_bert": 0.3715291531270859,
    "recall_bert": 0.3217719070991243
}