{
    "model": "mistralai/Mistral-7B-Instruct-v0.2",
    "dataset": "GEM/FairytaleQA",
    "title": true,
    "number_few_shot": 3,
    "samples_number": 1007,
    "f1": 0.40989043232346317,
    "precision": 0.3682496825713041,
    "recall": 0.623277743055373,
    "em": 0.09831181727904667,
    "squad": 0.2541011248012549,
    "rouge1": 0.42743677791578316,
    "rouge2": 0.304501970792629,
    "rougeL": 0.4138398251890857,
    "rougeLsum": 0.41361003059140755,
    "f1_bert": 0.31112779235715177,
    "precision_bert": 0.2939385962860825,
    "recall_bert": 0.3305718449194446
}