{
    "model": "mistralai/Mistral-7B-Instruct-v0.2",
    "dataset": "GEM/FairytaleQA",
    "title": true,
    "number_few_shot": 4,
    "samples_number": 1007,
    "f1": 0.43945117321386107,
    "precision": 0.42968268466310744,
    "recall": 0.5679286458301491,
    "em": 0.11420059582919563,
    "squad": 0.27682588452152834,
    "rouge1": 0.46093243525536337,
    "rouge2": 0.32153488295812743,
    "rougeL": 0.44891227542252954,
    "rougeLsum": 0.4483689506416343,
    "f1_bert": 0.35723229062339096,
    "precision_bert": 0.38936703987401106,
    "recall_bert": 0.32721387721839074
}