{
    "model": "mistralai/Mistral-7B-Instruct-v0.2",
    "dataset": "GEM/FairytaleQA",
    "title": true,
    "number_few_shot": 5,
    "samples_number": 1007,
    "f1": 0.4304840481312631,
    "precision": 0.42353018613663834,
    "recall": 0.5532917871851155,
    "em": 0.10427010923535253,
    "squad": 0.26737707868330784,
    "rouge1": 0.45332453591193855,
    "rouge2": 0.30530121859188175,
    "rougeL": 0.4403599873642213,
    "rougeLsum": 0.44039182593313964,
    "f1_bert": 0.3524045110939988,
    "precision_bert": 0.3904184697857386,
    "recall_bert": 0.3165508918428346
}