{
    "model": "meta-llama/Llama-2-7b-chat-hf",
    "dataset": "GEM/FairytaleQA",
    "context": true,
    "title": true,
    "number_few_shot": 1,
    "samples_number": 1007,
    "f1": 0.4756178133064649,
    "precision": 0.46132092408056585,
    "recall": 0.5907866241522437,
    "em": 0.17378351539225423,
    "squad": 0.32470066434935957,
    "rouge1": 0.4997706720402531,
    "rouge2": 0.3760599364884723,
    "rougeL": 0.4915181378473615,
    "rougeLsum": 0.49206741690267697
}