{
    "model": "meta-llama/Llama-2-7b-chat-hf",
    "dataset": "GEM/FairytaleQA",
    "context": true,
    "title": true,
    "number_few_shot": 5,
    "samples_number": 1007,
    "f1": 0.5160905268376996,
    "precision": 0.5234881120498556,
    "recall": 0.5829428571606246,
    "em": 0.2005958291956306,
    "squad": 0.3583431780166651,
    "rouge1": 0.5323329465277583,
    "rouge2": 0.3920442484471315,
    "rougeL": 0.5258087980604349,
    "rougeLsum": 0.5253929761688925
}