{
    "model": "/gpfs/users/boizardni/llm-distillation/train/models/finetuned/pythia-410m-deduped/squad",
    "number_few_shot": 0,
    "context": "",
    "dataset": "squad",
    "samples_number": 10570,
    "f1": 0.8272193434659393,
    "precision": 0.8404829214987685,
    "recall": 0.8449106950324252,
    "em": 0.7371807000946073,
    "squad": 0.7822000217802734
}