{
    "model": "meta-llama/Llama-2-7b-chat-hf",
    "dataset": "qed",
    "context": true,
    "title": true,
    "number_few_shot": 3,
    "samples_number": 1355,
    "f1": 0.6229265715497659,
    "precision": 0.7205335675355979,
    "recall": 0.626988748543036,
    "em": 0.42509225092250924,
    "squad": 0.5240094112361375,
    "rouge1": 0.6288124720831557,
    "rouge2": 0.3946915800008842,
    "rougeL": 0.6268673811486885,
    "rougeLsum": 0.6265112733773612
}