{
    "model": "meta-llama/Llama-2-7b-chat-hf",
    "dataset": "qed",
    "context": true,
    "title": true,
    "number_few_shot": 1,
    "samples_number": 1355,
    "f1": 0.6049231587527217,
    "precision": 0.7269563741259633,
    "recall": 0.5901104445666204,
    "em": 0.41697416974169743,
    "squad": 0.5109486642472096,
    "rouge1": 0.609841108170496,
    "rouge2": 0.3642644147736728,
    "rougeL": 0.6088908104519317,
    "rougeLsum": 0.6076562015003957
}