{
    "model": "meta-llama/Llama-2-7b-chat-hf",
    "dataset": "qed",
    "context": true,
    "title": true,
    "number_few_shot": 2,
    "samples_number": 1355,
    "f1": 0.610763205936843,
    "precision": 0.7121307749463361,
    "recall": 0.6080875982461281,
    "em": 0.42509225092250924,
    "squad": 0.5179277284296762,
    "rouge1": 0.6166924413889197,
    "rouge2": 0.3892633224796823,
    "rougeL": 0.6160576956067452,
    "rougeLsum": 0.6148407355934917
}