{
    "model": "/linkhome/rech/genrce01/udv55np/llm-distillation/models/pythia-410m/fairytaleQA/1e-6/15/4972",
    "dataset": "GEM/FairytaleQA",
    "context": false,
    "title": false,
    "number_few_shot": 0,
    "samples_number": 1007,
    "f1": 0.42102896944699686,
    "precision": 0.4344855026483102,
    "recall": 0.47988641201753884,
    "em": 0.1529294935451837,
    "squad": 0.2869792314960903,
    "rouge1": 0.4366328676041154,
    "rouge2": 0.31207360550919605,
    "rougeL": 0.4297135114443718,
    "rougeLsum": 0.42922075216324496
}