{
    "model": "tiiuae/falcon-7b-instruct",
    "dataset": "GEM/FairytaleQA",
    "title": true,
    "number_few_shot": 1,
    "samples_number": 1007,
    "f1": 0.3199044340296167,
    "precision": 0.296438345975267,
    "recall": 0.5142853202816057,
    "em": 0.06951340615690169,
    "squad": 0.19470892009325919,
    "rouge1": 0.33950368409916254,
    "rouge2": 0.22753402531560402,
    "rougeL": 0.3268211853825175,
    "rougeLsum": 0.3266162757846587,
    "f1_bert": 0.23991281113551713,
    "precision_bert": 0.22095602310671636,
    "recall_bert": 0.2627535574321924
}