{
    "model": "tiiuae/falcon-7b-instruct",
    "dataset": "GEM/FairytaleQA",
    "title": true,
    "number_few_shot": 1,
    "samples_number": 1007,
    "f1": 0.29654079191676624,
    "precision": 0.27137111785011625,
    "recall": 0.5150114449185278,
    "em": 0.06454816285998013,
    "squad": 0.1805444773883732,
    "rouge1": 0.3155305265443517,
    "rouge2": 0.20682180785961604,
    "rougeL": 0.3027871098316572,
    "rougeLsum": 0.3022821588606502,
    "f1_bert": 0.2158790438819437,
    "precision_bert": 0.18206724723340442,
    "recall_bert": 0.25524855886772735
}