{
    "model": "tiiuae/falcon-7b-instruct",
    "dataset": "GEM/FairytaleQA",
    "title": true,
    "number_few_shot": 2,
    "samples_number": 1007,
    "f1": 0.3683356536771505,
    "precision": 0.39758727353266893,
    "recall": 0.42878639468364416,
    "em": 0.10824230387288977,
    "squad": 0.23828897877502014,
    "rouge1": 0.39034969376886897,
    "rouge2": 0.2417387682924245,
    "rougeL": 0.37651925815588105,
    "rougeLsum": 0.37722242942757067,
    "f1_bert": 0.3257792264033664,
    "precision_bert": 0.3980051738647823,
    "recall_bert": 0.25796157357347327
}