{
    "model": "tiiuae/falcon-7b-instruct",
    "dataset": "GEM/FairytaleQA",
    "title": true,
    "number_few_shot": 3,
    "samples_number": 1007,
    "f1": 0.32158409176285574,
    "precision": 0.33643602150732077,
    "recall": 0.40150277249109767,
    "em": 0.07348560079443893,
    "squad": 0.19753484627864734,
    "rouge1": 0.34471635911494125,
    "rouge2": 0.20819079466022472,
    "rougeL": 0.3336650382600281,
    "rougeLsum": 0.33293199826627384,
    "f1_bert": 0.28279619252261745,
    "precision_bert": 0.3342425609632907,
    "recall_bert": 0.23455894990411116
}