{
    "model": "tiiuae/falcon-7b-instruct",
    "dataset": "GEM/FairytaleQA",
    "title": true,
    "number_few_shot": 3,
    "samples_number": 1007,
    "f1": 0.3215141409051882,
    "precision": 0.3404433539959963,
    "recall": 0.39334670510494285,
    "em": 0.07745779543197617,
    "squad": 0.1994859681685822,
    "rouge1": 0.3466156763000159,
    "rouge2": 0.21097760303872332,
    "rougeL": 0.3349983955213074,
    "rougeLsum": 0.33537515966624787,
    "f1_bert": 0.2872287114362959,
    "precision_bert": 0.342542552790242,
    "recall_bert": 0.2349992891313874
}