{
    "model": "tiiuae/falcon-7b-instruct",
    "dataset": "GEM/FairytaleQA",
    "title": true,
    "number_few_shot": 4,
    "samples_number": 1007,
    "f1": 0.3088600878069882,
    "precision": 0.32918597708662484,
    "recall": 0.3775815579261919,
    "em": 0.07149950347567031,
    "squad": 0.19017979564132925,
    "rouge1": 0.33244231398828694,
    "rouge2": 0.20708250931061178,
    "rougeL": 0.32314580168590845,
    "rougeLsum": 0.3238952938349109,
    "f1_bert": 0.2763442090157174,
    "precision_bert": 0.33236030036302155,
    "recall_bert": 0.223340342387985
}