{
    "model": "tiiuae/falcon-7b-instruct",
    "dataset": "GEM/FairytaleQA",
    "title": true,
    "number_few_shot": 4,
    "samples_number": 1007,
    "f1": 0.3041169366030728,
    "precision": 0.32547270248847066,
    "recall": 0.3761104521105814,
    "em": 0.06951340615690169,
    "squad": 0.18681517137998727,
    "rouge1": 0.32744300989690134,
    "rouge2": 0.20470242747697215,
    "rougeL": 0.3188958806249016,
    "rougeLsum": 0.3189067104984672,
    "f1_bert": 0.27084275636701294,
    "precision_bert": 0.3254794892749209,
    "recall_bert": 0.21925789771695545
}