{
    "model": "tiiuae/falcon-7b-instruct",
    "dataset": "GEM/FairytaleQA",
    "title": true,
    "number_few_shot": 5,
    "samples_number": 1007,
    "f1": 0.34135678360916843,
    "precision": 0.3779588776709768,
    "recall": 0.3817582434982801,
    "em": 0.08242303872889771,
    "squad": 0.21188991116903308,
    "rouge1": 0.366881855850922,
    "rouge2": 0.22490525873018305,
    "rougeL": 0.35748591216412784,
    "rougeLsum": 0.35698662441097084,
    "f1_bert": 0.31968289322569843,
    "precision_bert": 0.40981922860911313,
    "recall_bert": 0.2338099463703771
}