{
    "model": "tiiuae/falcon-7b-instruct",
    "dataset": "GEM/FairytaleQA",
    "title": true,
    "number_few_shot": 5,
    "samples_number": 1007,
    "f1": 0.3382598175751397,
    "precision": 0.37210641982951737,
    "recall": 0.3800643077478182,
    "em": 0.07944389275074479,
    "squad": 0.20885185516294225,
    "rouge1": 0.36275522435754615,
    "rouge2": 0.22068518288976435,
    "rougeL": 0.35296246633564166,
    "rougeLsum": 0.35308756235153504,
    "f1_bert": 0.31709484648849173,
    "precision_bert": 0.4062711884036821,
    "recall_bert": 0.23201490190056318
}