{
    "model": "meta-llama/Llama-2-7b-chat-hf",
    "dataset": "squad",
    "context": true,
    "title": false,
    "number_few_shot": 0,
    "samples_number": 10570,
    "f1": 0.7663168853539715,
    "precision": 0.7732281394144527,
    "recall": 0.8454750530982114,
    "em": 0.6113528855250709,
    "squad": 0.6888348854395212,
    "rouge1": 0.771239846194569,
    "rouge2": 0.4720387708572147,
    "rougeL": 0.7694197912747078,
    "rougeLsum": 0.7693999507891249
}