{
    "model": "meta-llama/Llama-2-7b-chat-hf",
    "dataset": "squad",
    "context": true,
    "title": false,
    "number_few_shot": 4,
    "samples_number": 10570,
    "f1": 0.8044026856504963,
    "precision": 0.8004439999310062,
    "recall": 0.8593367769097064,
    "em": 0.6711447492904447,
    "squad": 0.7377737174704705,
    "rouge1": 0.8104557134335266,
    "rouge2": 0.5358079860691785,
    "rougeL": 0.8079697546086446,
    "rougeLsum": 0.807939628385939
}