{
    "model": "meta-llama/Llama-2-7b-chat-hf",
    "dataset": "squad",
    "context": true,
    "title": false,
    "number_few_shot": 5,
    "samples_number": 10570,
    "f1": 0.8001425044372341,
    "precision": 0.8004053954763554,
    "recall": 0.8499976514129766,
    "em": 0.671523178807947,
    "squad": 0.7358328416225905,
    "rouge1": 0.807115452900077,
    "rouge2": 0.5289691352049168,
    "rougeL": 0.8053091985143208,
    "rougeLsum": 0.8050804365688247
}