{
    "model": "meta-llama/Llama-2-7b-chat-hf",
    "dataset": "squad",
    "context": true,
    "title": false,
    "number_few_shot": 2,
    "samples_number": 10570,
    "f1": 0.8125876559391961,
    "precision": 0.8177817993678763,
    "recall": 0.8511617773601869,
    "em": 0.6919583727530747,
    "squad": 0.7522730143461354,
    "rouge1": 0.8184336578150019,
    "rouge2": 0.5280320178168333,
    "rougeL": 0.8165582058045244,
    "rougeLsum": 0.8164847169963854
}