{
    "model": "meta-llama/Llama-2-7b-chat-hf",
    "dataset": "squad",
    "context": true,
    "title": false,
    "number_few_shot": 3,
    "samples_number": 10570,
    "f1": 0.8049329547492394,
    "precision": 0.8055145854012715,
    "recall": 0.8510362445775924,
    "em": 0.6795648060548722,
    "squad": 0.7422488804020558,
    "rouge1": 0.8111803436280447,
    "rouge2": 0.5310733788611626,
    "rougeL": 0.8093800903514075,
    "rougeLsum": 0.8093018863401227
}