{
    "model": "meta-llama/Llama-2-7b-chat-hf",
    "dataset": "squad",
    "context": true,
    "title": true,
    "number_few_shot": 0,
    "samples_number": 10570,
    "f1": 0.7631633502574129,
    "precision": 0.7722576384071612,
    "recall": 0.8364689997010241,
    "em": 0.6104068117313151,
    "squad": 0.686785080994364,
    "rouge1": 0.768411746941875,
    "rouge2": 0.46685400047842257,
    "rougeL": 0.7666094542006379,
    "rougeLsum": 0.7663975535381126
}