{
    "model": "meta-llama/Llama-2-7b-chat-hf",
    "dataset": "squad",
    "context": true,
    "title": true,
    "number_few_shot": 2,
    "samples_number": 10570,
    "f1": 0.8104233128286368,
    "precision": 0.8147805527853351,
    "recall": 0.8504999362791628,
    "em": 0.6872280037842952,
    "squad": 0.748825658306466,
    "rouge1": 0.8167450535778717,
    "rouge2": 0.5276559055490604,
    "rougeL": 0.8149225497573893,
    "rougeLsum": 0.8147752442964766
}