{
    "model": "meta-llama/Llama-2-7b-chat-hf",
    "dataset": "squad",
    "context": true,
    "title": true,
    "number_few_shot": 4,
    "samples_number": 10570,
    "f1": 0.8028348662064847,
    "precision": 0.7977345870290031,
    "recall": 0.8598680814748444,
    "em": 0.6670766319772943,
    "squad": 0.7349557490918894,
    "rouge1": 0.8089433234189249,
    "rouge2": 0.538890948772387,
    "rougeL": 0.8070277714363604,
    "rougeLsum": 0.8070939362582334
}