{
    "model": "tiiuae/falcon-7b-instruct",
    "dataset": "/gpfs/users/boizardni/llm-distillation/datasets/processed/qed",
    "title": true,
    "number_few_shot": 0,
    "samples_number": 1355,
    "f1": 0.41302752158883205,
    "precision": 0.43310680409294977,
    "recall": 0.5501032410603497,
    "em": 0.24575645756457565,
    "squad": 0.32939198957670385,
    "rouge1": 0.4208032439884888,
    "rouge2": 0.2405776603350286,
    "rougeL": 0.41390676463183107,
    "rougeLsum": 0.4133335009368564,
    "f1_bert": 0.2554250956859656,
    "precision_bert": 0.24132515456492246,
    "recall_bert": 0.27781741476426164
}