{
    "model": "tiiuae/falcon-7b-instruct",
    "dataset": "/gpfs/users/boizardni/llm-distillation/datasets/processed/qed",
    "title": true,
    "number_few_shot": 1,
    "samples_number": 1355,
    "f1": 0.4844251279557998,
    "precision": 0.5484783720801091,
    "recall": 0.528727819654726,
    "em": 0.32693726937269374,
    "squad": 0.4056811986642468,
    "rouge1": 0.491399985074443,
    "rouge2": 0.2894570195861801,
    "rougeL": 0.4862767926964635,
    "rougeLsum": 0.485933942658316,
    "f1_bert": 0.3800523950517194,
    "precision_bert": 0.3955304363510392,
    "recall_bert": 0.37222021834597696
}