{
    "model": "tiiuae/falcon-7b-instruct",
    "dataset": "/gpfs/users/boizardni/llm-distillation/datasets/processed/qed",
    "title": true,
    "number_few_shot": 3,
    "samples_number": 1355,
    "f1": 0.5025739162919352,
    "precision": 0.5663364846820433,
    "recall": 0.5406263168594669,
    "em": 0.33505535055350555,
    "squad": 0.41881463342272035,
    "rouge1": 0.5119929872072282,
    "rouge2": 0.31085504337035175,
    "rougeL": 0.5059264536474024,
    "rougeLsum": 0.5055836262885003,
    "f1_bert": 0.4266302252215281,
    "precision_bert": 0.4434639938216595,
    "recall_bert": 0.4174442095414828
}