{
    "model": "tiiuae/falcon-7b-instruct",
    "dataset": "/gpfs/users/boizardni/llm-distillation/datasets/processed/qed",
    "title": true,
    "number_few_shot": 5,
    "samples_number": 1355,
    "f1": 0.4970956647659978,
    "precision": 0.5635594701741189,
    "recall": 0.5320758496890403,
    "em": 0.33431734317343176,
    "squad": 0.41570650396971476,
    "rouge1": 0.5074609892219916,
    "rouge2": 0.30143806106548243,
    "rougeL": 0.5015450383740743,
    "rougeLsum": 0.501617484569802,
    "f1_bert": 0.4162127606905254,
    "precision_bert": 0.43767251625711423,
    "recall_bert": 0.40233666218857617
}