{
    "model": "meta-llama/Llama-2-7b-chat-hf",
    "dataset": "squad",
    "title": false,
    "number_few_shot": 0,
    "samples_number": 10570,
    "f1": 0.799003496128523,
    "precision": 0.8274974978435566,
    "recall": 0.8191266250301115,
    "em": 0.6558183538315988,
    "squad": 0.7274109249800609,
    "rouge1": 0.8046961926789489,
    "rouge2": 0.4831449862411318,
    "rougeL": 0.8029261055082045,
    "rougeLsum": 0.8027261451861454,
    "f1_bert": 0.7445523243387555,
    "precision_bert": 0.7647190134431642,
    "recall_bert": 0.733443901114259
}