{
    "model": "meta-llama/Llama-2-7b-chat-hf",
    "dataset": "squad",
    "title": false,
    "number_few_shot": 0,
    "samples_number": 10570,
    "f1": 0.5303619914224753,
    "precision": 0.4621741282669072,
    "recall": 0.9145967901708527,
    "em": 0.29299905392620623,
    "squad": 0.41168052267434074,
    "rouge1": 0.5276600086118493,
    "rouge2": 0.35207762660784525,
    "rougeL": 0.5245448962545833,
    "rougeLsum": 0.5244860858700244,
    "f1_bert": 0.40812449032756903,
    "precision_bert": 0.32539754447658514,
    "recall_bert": 0.5002547475439256
}