{
    "model": "meta-llama/Llama-2-7b-chat-hf",
    "dataset": "squad",
    "title": false,
    "number_few_shot": 1,
    "samples_number": 10570,
    "f1": 0.7395005150242757,
    "precision": 0.7074460741632103,
    "recall": 0.8961640204586426,
    "em": 0.5518448438978241,
    "squad": 0.6456726794610499,
    "rouge1": 0.7429273686740203,
    "rouge2": 0.4923315242174038,
    "rougeL": 0.7398123779513437,
    "rougeLsum": 0.7396068167026084,
    "f1_bert": 0.649436896073549,
    "precision_bert": 0.6151478744628817,
    "recall_bert": 0.6916239343191495
}