{
    "model": "meta-llama/Llama-2-7b-chat-hf",
    "dataset": "squad",
    "title": false,
    "number_few_shot": 1,
    "samples_number": 10570,
    "f1": 0.8130473863768758,
    "precision": 0.8289870192118087,
    "recall": 0.8413780168185531,
    "em": 0.6801324503311258,
    "squad": 0.7465899183540008,
    "rouge1": 0.8192468580347104,
    "rouge2": 0.5141643876662856,
    "rougeL": 0.8173429088614101,
    "rougeLsum": 0.8175787771086055,
    "f1_bert": 0.7606418702160676,
    "precision_bert": 0.7635730104530664,
    "recall_bert": 0.7668013392177202
}