{
    "model": "meta-llama/Llama-2-7b-chat-hf",
    "dataset": "squad",
    "title": false,
    "number_few_shot": 2,
    "samples_number": 10570,
    "f1": 0.8120335799907415,
    "precision": 0.8171290563489417,
    "recall": 0.8547632612605036,
    "em": 0.6737937559129612,
    "squad": 0.7429136679518513,
    "rouge1": 0.8184932859075646,
    "rouge2": 0.5252556655918974,
    "rougeL": 0.8162704423472498,
    "rougeLsum": 0.8160890008899158,
    "f1_bert": 0.7646109837318604,
    "precision_bert": 0.757433514434913,
    "recall_bert": 0.7805559694695436
}