{
    "model": "meta-llama/Llama-2-7b-chat-hf",
    "dataset": "squad",
    "title": false,
    "number_few_shot": 3,
    "samples_number": 10570,
    "f1": 0.8019711842035374,
    "precision": 0.7958610010870548,
    "recall": 0.8649774580938221,
    "em": 0.6529801324503312,
    "squad": 0.7274756583269343,
    "rouge1": 0.8093233286613021,
    "rouge2": 0.5307116061538044,
    "rougeL": 0.8065292098961742,
    "rougeLsum": 0.8062279889236244,
    "f1_bert": 0.74778292394848,
    "precision_bert": 0.7309650521873207,
    "recall_bert": 0.773283951370364
}