{
    "model": "meta-llama/Llama-2-7b-chat-hf",
    "dataset": "squad",
    "title": false,
    "number_few_shot": 4,
    "samples_number": 10570,
    "f1": 0.7452459308445345,
    "precision": 0.7094970757063519,
    "recall": 0.9008048634462603,
    "em": 0.5488174077578051,
    "squad": 0.6470316693011697,
    "rouge1": 0.7474993215629984,
    "rouge2": 0.5020148033180409,
    "rougeL": 0.7442823745760005,
    "rougeLsum": 0.7439067987453096,
    "f1_bert": 0.6527373974447924,
    "precision_bert": 0.6097210348111791,
    "recall_bert": 0.7039384388059495
}