{
    "model": "meta-llama/Llama-2-7b-chat-hf",
    "dataset": "squad",
    "title": false,
    "number_few_shot": 4,
    "samples_number": 10570,
    "f1": 0.8007365675149682,
    "precision": 0.7896392073363282,
    "recall": 0.8752070641416237,
    "em": 0.6427625354777673,
    "squad": 0.7217495514963678,
    "rouge1": 0.8069509994920052,
    "rouge2": 0.5337633381041305,
    "rougeL": 0.8041998262750696,
    "rougeLsum": 0.8044474070712173,
    "f1_bert": 0.7371907844194001,
    "precision_bert": 0.7165466133244754,
    "recall_bert": 0.7662007035374637
}