{
    "model": "meta-llama/Llama-2-7b-chat-hf",
    "dataset": "squad",
    "title": false,
    "number_few_shot": 5,
    "samples_number": 10570,
    "f1": 0.7932742767596226,
    "precision": 0.7819928460203845,
    "recall": 0.8731982546668313,
    "em": 0.6346263008514664,
    "squad": 0.7139502888055445,
    "rouge1": 0.7993560851981315,
    "rouge2": 0.5255424495478305,
    "rougeL": 0.7968186832256552,
    "rougeLsum": 0.7965564599436012,
    "f1_bert": 0.7312822770171677,
    "precision_bert": 0.7090524990296166,
    "recall_bert": 0.7621146623395801
}