{
    "model": "meta-llama/Llama-2-7b-chat-hf",
    "dataset": "/gpfs/users/boizardni/llm-distillation/datasets/processed/qed",
    "title": false,
    "number_few_shot": 0,
    "samples_number": 1355,
    "f1": 0.3552333391827668,
    "precision": 0.3053535165376029,
    "recall": 0.7290245925146858,
    "em": 0.11512915129151291,
    "squad": 0.23518124523713985,
    "rouge1": 0.35973964346476883,
    "rouge2": 0.24060958551204142,
    "rougeL": 0.35193802056649115,
    "rougeLsum": 0.3518282208379584,
    "f1_bert": 0.21194992177093352,
    "precision_bert": 0.14035104950023275,
    "recall_bert": 0.29070379277184344
}