{
    "model": "meta-llama/Llama-2-7b-chat-hf",
    "dataset": "/gpfs/users/boizardni/llm-distillation/datasets/processed/qed",
    "title": false,
    "number_few_shot": 0,
    "samples_number": 1355,
    "f1": 0.5401721901018582,
    "precision": 0.6576888847784843,
    "recall": 0.5366209064567444,
    "em": 0.3586715867158672,
    "squad": 0.4494218884088627,
    "rouge1": 0.5508052513421116,
    "rouge2": 0.30915374115333183,
    "rougeL": 0.5479407584969779,
    "rougeLsum": 0.5481975045534493,
    "f1_bert": 0.45907731544019353,
    "precision_bert": 0.5387832650453422,
    "recall_bert": 0.3894431631348003
}