{
    "model": "meta-llama/Llama-2-7b-chat-hf",
    "dataset": "/gpfs/users/boizardni/llm-distillation/datasets/processed/qed",
    "title": false,
    "number_few_shot": 2,
    "samples_number": 1355,
    "f1": 0.5675488955538955,
    "precision": 0.6730884719447804,
    "recall": 0.5753445466388545,
    "em": 0.3800738007380074,
    "squad": 0.4738113481459515,
    "rouge1": 0.5773639462468617,
    "rouge2": 0.33839668026730796,
    "rougeL": 0.5732726053880368,
    "rougeLsum": 0.5731790367019342,
    "f1_bert": 0.489635197073683,
    "precision_bert": 0.5476679545013592,
    "recall_bert": 0.4402130666075487
}