{
    "model": "meta-llama/Llama-2-7b-chat-hf",
    "dataset": "/gpfs/users/boizardni/llm-distillation/datasets/processed/qed",
    "title": false,
    "number_few_shot": 2,
    "samples_number": 1355,
    "f1": 0.5649433767970716,
    "precision": 0.6026696449101339,
    "recall": 0.6662655280903961,
    "em": 0.36162361623616235,
    "squad": 0.463283496516617,
    "rouge1": 0.5775667809603571,
    "rouge2": 0.3705830569130613,
    "rougeL": 0.5712968930796372,
    "rougeLsum": 0.5711624485621298,
    "f1_bert": 0.4824083243792265,
    "precision_bert": 0.4901120303622258,
    "recall_bert": 0.4821685136394228
}