{
    "model": "meta-llama/Llama-2-7b-chat-hf",
    "dataset": "/gpfs/users/boizardni/llm-distillation/datasets/processed/qed",
    "title": false,
    "number_few_shot": 3,
    "samples_number": 1355,
    "f1": 0.5739946168145938,
    "precision": 0.6655569198826721,
    "recall": 0.6007182401394475,
    "em": 0.38302583025830256,
    "squad": 0.47851022353644823,
    "rouge1": 0.5845962643618307,
    "rouge2": 0.35013760671240174,
    "rougeL": 0.5811020586139377,
    "rougeLsum": 0.5805412666768708,
    "f1_bert": 0.49246622239143073,
    "precision_bert": 0.5373620321357286,
    "recall_bert": 0.4556456049338045
}