{
    "model": "meta-llama/Llama-2-7b-chat-hf",
    "dataset": "/gpfs/users/boizardni/llm-distillation/datasets/processed/qed",
    "title": false,
    "number_few_shot": 4,
    "samples_number": 1355,
    "f1": 0.5866313203312097,
    "precision": 0.6583669078883988,
    "recall": 0.6290126747206907,
    "em": 0.3845018450184502,
    "squad": 0.48556658267482994,
    "rouge1": 0.6001693705838593,
    "rouge2": 0.37444719657967795,
    "rougeL": 0.5961080137570234,
    "rougeLsum": 0.5964153164406616,
    "f1_bert": 0.5021346150284329,
    "precision_bert": 0.5325182285160148,
    "recall_bert": 0.47911265239912526
}