{
    "model": "meta-llama/Llama-2-7b-chat-hf",
    "dataset": "/gpfs/users/boizardni/llm-distillation/datasets/processed/qed",
    "title": false,
    "number_few_shot": 5,
    "samples_number": 1355,
    "f1": 0.5464330861303242,
    "precision": 0.5699323828482636,
    "recall": 0.683580572417063,
    "em": 0.3335793357933579,
    "squad": 0.440006210961841,
    "rouge1": 0.5578954189796985,
    "rouge2": 0.358724476461171,
    "rougeL": 0.5513669452553724,
    "rougeLsum": 0.5510522538751328,
    "f1_bert": 0.44253162801206325,
    "precision_bert": 0.4306780543683502,
    "recall_bert": 0.4616750707067171
}