{
    "model": "meta-llama/Llama-2-7b-chat-hf",
    "dataset": "/gpfs/users/boizardni/llm-distillation/datasets/processed/qed",
    "title": false,
    "number_few_shot": 5,
    "samples_number": 1355,
    "f1": 0.5772278254335286,
    "precision": 0.6448079960072448,
    "recall": 0.631178863492004,
    "em": 0.3771217712177122,
    "squad": 0.4771747983256204,
    "rouge1": 0.5902959543438379,
    "rouge2": 0.36418756631554006,
    "rougeL": 0.5851531506766874,
    "rougeLsum": 0.5854039681121432,
    "f1_bert": 0.4864461910388002,
    "precision_bert": 0.5105212179844365,
    "recall_bert": 0.4698588809078367
}