{
    "model": "meta-llama/Llama-2-7b-hf",
    "number_few_shot": 0,
    "dataset": "squad",
    "samples_number": 10570,
    "f1": 0.432719712845973,
    "precision": 0.3747668342212448,
    "recall": 0.6174400629075324,
    "em": 0.07890255439924314,
    "squad": 0.25581113362260804
}