{
    "model": "/gpfs/users/boizardni/llm-distillation/train/models/distillation/pythia-410m-deduped/Llama-2-7b-hf_squad_train_2s_0context_1",
    "number_few_shot": 0,
    "context": "",
    "dataset": "squad",
    "samples_number": 10570,
    "f1": 0.6134773183780248,
    "precision": 0.5838624380245241,
    "recall": 0.7770254283066775,
    "em": 0.4261116367076632,
    "squad": 0.519794477542844
}