{
    "model": "meta-llama/Llama-2-7b-hf",
    "number_few_shot": 0,
    "dataset": "squad",
    "samples_number": 10570,
    "f1": 0.5859016702888941,
    "precision": 0.5575928489474938,
    "recall": 0.7284103826232218,
    "em": 0.40823084200567644,
    "squad": 0.4970662561472853
}