{
    "model": "meta-llama/Llama-2-7b-hf",
    "number_few_shot": 5,
    "dataset": "squad",
    "samples_number": 10570,
    "f1": 0.789698871549039,
    "precision": 0.769835240190644,
    "recall": 0.8786006041234736,
    "em": 0.6341532639545885,
    "squad": 0.7119260677518138
}