{
    "model": "meta-llama/Llama-2-7b-hf",
    "number_few_shot": 0,
    "dataset": "squad",
    "samples_number": 10570,
    "f1": 0.6838193224693065,
    "precision": 0.6522729003719652,
    "recall": 0.8252160784585434,
    "em": 0.4816461684011353,
    "squad": 0.5827327454352209
}