{
    "model": "meta-llama/Llama-2-7b-chat-hf",
    "dataset": "squad",
    "context": true,
    "title": true,
    "number_few_shot": 5,
    "samples_number": 10570,
    "f1": 0.7716547744717599,
    "precision": 0.7545387674018555,
    "recall": 0.8640459852868946,
    "em": 0.60879848628193,
    "squad": 0.690226630376845,
    "rouge1": 0.7780412621469464,
    "rouge2": 0.5186487400226766,
    "rougeL": 0.7751147150201418,
    "rougeLsum": 0.775278638294185
}