{
    "model": "/gpfs/users/boizardni/llm-distillation/train/models/distillation/pythia-410m-deduped/Llama-2-7b-hf_squad_train_2s_0context_0.5",
    "number_few_shot": 0,
    "context": "",
    "dataset": "squad",
    "samples_number": 10570,
    "f1": 0.611371056067324,
    "precision": 0.5811803384793343,
    "recall": 0.7716920033664155,
    "em": 0.4239356669820246,
    "squad": 0.5176533615246743
}