{
    "model": "meta-llama/Llama-2-7b-hf",
    "number_few_shot": 0,
    "dataset": "squad",
    "samples_number": 10570,
    "f1": 0.6771372217260255,
    "precision": 0.6440360066394951,
    "recall": 0.82535927295999,
    "em": 0.4731315042573321,
    "squad": 0.5751343629916787
}