{
    "model": "meta-llama/Llama-2-7b-hf",
    "number_few_shot": 0,
    "dataset": "squad",
    "samples_number": 10570,
    "f1": 0.6763138485189509,
    "precision": 0.6451320180229468,
    "recall": 0.8198554591555546,
    "em": 0.476158940397351,
    "squad": 0.576236394458151
}