{
    "model": "meta-llama/Llama-2-7b-hf",
    "number_few_shot": 2,
    "dataset": "squad",
    "samples_number": 10570,
    "f1": 0.7838783978554417,
    "precision": 0.7865101848420712,
    "recall": 0.8186142621202667,
    "em": 0.6676442762535478,
    "squad": 0.7257613370544947
}