{
    "model": "meta-llama/Llama-2-7b-chat-hf",
    "dataset": "squad",
    "context": true,
    "title": true,
    "number_few_shot": 2,
    "samples_number": 10570,
    "f1": 0.7731771079116299,
    "precision": 0.7559394426050821,
    "recall": 0.867464739236406,
    "em": 0.6136234626300852,
    "squad": 0.6934002852708575,
    "rouge1": 0.7787358835895893,
    "rouge2": 0.5197756760412486,
    "rougeL": 0.7758814118246,
    "rougeLsum": 0.7758773795033655
}