{
    "model": "meta-llama/Llama-2-7b-hf",
    "number_few_shot": 0,
    "dataset": "squad",
    "samples_number": 10570,
    "f1": 0.7008231149406761,
    "precision": 0.680981055166082,
    "recall": 0.8033360826202224,
    "em": 0.522894985808893,
    "squad": 0.6118590503747845
}