{
    "model": "meta-llama/Llama-2-7b-hf",
    "number_few_shot": 4,
    "dataset": "squad",
    "samples_number": 10570,
    "f1": 0.8010800640259228,
    "precision": 0.7896057844709701,
    "recall": 0.8671019901923546,
    "em": 0.6491012298959319,
    "squad": 0.7250906469609273
}