{
    "model": "meta-llama/Llama-2-7b-hf",
    "dataset": "squad",
    "samples_number": 10570,
    "f1": 0.5248518661757742,
    "precision": 0.4900176067851725,
    "recall": 0.6872866106494223,
    "em": 0.32639545884578997,
    "squad": 0.4256236625107821
}