{
    "model": "/gpfs/users/boizardni/llm-distillation/train/models/distillation/pythia-410m-deduped/Llama-2-7b-hf_squad_train_2s_0context_1.5",
    "number_few_shot": 0,
    "context": "",
    "dataset": "squad",
    "samples_number": 10570,
    "f1": 0.6317117136631071,
    "precision": 0.6058070720937417,
    "recall": 0.7718750767123578,
    "em": 0.45156102175969726,
    "squad": 0.5416363677114022
}