{
    "model": "meta-llama/Llama-2-7b-hf",
    "dataset": "squad",
    "samples_number": 10570,
    "f1": 0.38446841401425585,
    "precision": 0.35781916137480513,
    "recall": 0.5068382029261025,
    "em": 0.23651844843897823,
    "squad": 0.31049343122661704
}