{
    "model": "meta-llama/Llama-2-7b-hf",
    "number_few_shot": 0,
    "dataset": "squad",
    "samples_number": 10570,
    "f1": 0.5309012997310123,
    "precision": 0.4960924857755529,
    "recall": 0.6919839884582002,
    "em": 0.3314096499526963,
    "squad": 0.4311554748418543
}