{
    "model": "meta-llama/Llama-2-7b-hf",
    "number_few_shot": 0,
    "dataset": "squad",
    "samples_number": 10570,
    "f1": 0.7250679262974407,
    "precision": 0.7040050329073508,
    "recall": 0.826288624911626,
    "em": 0.5479659413434248,
    "squad": 0.6365169338204327
}