{
    "model": "EleutherAI/pythia-410m-deduped",
    "number_few_shot": 0,
    "dataset": "squad",
    "samples_number": 10570,
    "f1": 0.22939750077020252,
    "precision": 0.18668156113283194,
    "recall": 0.4611908441308662,
    "em": 0.07142857142857142,
    "squad": 0.15041303609938697
}