{
    "model": "EleutherAI/pythia-1b-deduped",
    "number_few_shot": 5,
    "dataset": "squad",
    "samples_number": 10570,
    "f1": 0.4994729159498429,
    "precision": 0.48792644015863396,
    "recall": 0.5922773419437948,
    "em": 0.33311258278145695,
    "squad": 0.4162927493656499
}