{
    "model": "EleutherAI/pythia-1b-deduped",
    "number_few_shot": 2,
    "dataset": "squad",
    "samples_number": 10570,
    "f1": 0.487349875493488,
    "precision": 0.4760352442371686,
    "recall": 0.5812870243580509,
    "em": 0.3333964049195837,
    "squad": 0.41037314020653587
}