{
    "model": "EleutherAI/pythia-160m-deduped",
    "number_few_shot": 5,
    "dataset": "squad",
    "samples_number": 10570,
    "f1": 0.13782929671670274,
    "precision": 0.14187491256198378,
    "recall": 0.1820366238001811,
    "em": 0.05704824976348155,
    "squad": 0.09743877324009215
}