{
    "model": "EleutherAI/pythia-160m-deduped",
    "number_few_shot": 2,
    "dataset": "squad",
    "samples_number": 10570,
    "f1": 0.1478873074312014,
    "precision": 0.14266405449489752,
    "recall": 0.22058346507136428,
    "em": 0.05714285714285714,
    "squad": 0.10251508228702927
}