{
    "model": "EleutherAI/pythia-410m-deduped",
    "number_few_shot": 5,
    "dataset": "squad",
    "samples_number": 10570,
    "f1": 0.3861471458291695,
    "precision": 0.37422794455102965,
    "recall": 0.4823550237142938,
    "em": 0.2294228949858089,
    "squad": 0.3077850204074892
}