{
    "model": "EleutherAI/pythia-160m-deduped",
    "number_few_shot": 0,
    "dataset": "squad",
    "samples_number": 10570,
    "f1": 0.12321329652368825,
    "precision": 0.09074877321706032,
    "recall": 0.3056972358122006,
    "em": 0.012677388836329235,
    "squad": 0.06794534268000874
}