{
    "model": "mistralai/Mistral-7B-Instruct-v0.2",
    "dataset": "squad",
    "title": true,
    "number_few_shot": 3,
    "samples_number": 10570,
    "f1": 0.7631849538935914,
    "precision": 0.739591116838095,
    "recall": 0.893901339802432,
    "em": 0.5236518448438978,
    "squad": 0.6434183993687446,
    "rouge1": 0.7646754611767198,
    "rouge2": 0.5201890210464409,
    "rougeL": 0.7589525848478538,
    "rougeLsum": 0.7588225396222317,
    "f1_bert": 0.6693896228796317,
    "precision_bert": 0.6278447012903957,
    "recall_bert": 0.7241654227223056
}