{
    "model": "/gpfs/users/boizardni/llm-distillation/train/models/finetuned/Llama-2-7b-hf/squad_2e-05/fine-tuned-meta-llama/Llama-2-7b-hf",
    "number_few_shot": 0,
    "context": "",
    "dataset": "squad",
    "samples_number": 10570,
    "f1": 0.9408331623869802,
    "precision": 0.9516249918745187,
    "recall": 0.950032404814414,
    "em": 0.8743614001892147,
    "squad": 0.9075972812880975
}