{
    "model": "mistralai/Mistral-7B-Instruct-v0.2",
    "dataset": "/gpfs/users/boizardni/llm-distillation/datasets/processed/qed",
    "title": true,
    "number_few_shot": 0,
    "samples_number": 1355,
    "f1": 0.3261482425845584,
    "precision": 0.2495830593137513,
    "recall": 0.8084471641533113,
    "em": 0.045018450184501846,
    "squad": 0.1855833463845301,
    "rouge1": 0.32640656164188325,
    "rouge2": 0.21189803800314422,
    "rougeL": 0.3159836321334823,
    "rougeLsum": 0.3163710872034614,
    "f1_bert": 0.19334946010653548,
    "precision_bert": 0.06238491498307597,
    "recall_bert": 0.33562115711964174
}