{
    "model": "mistralai/Mistral-7B-Instruct-v0.2",
    "dataset": "/gpfs/users/boizardni/llm-distillation/datasets/processed/qed",
    "title": true,
    "number_few_shot": 0,
    "samples_number": 1355,
    "f1": 0.4508947235918705,
    "precision": 0.4335292869682103,
    "recall": 0.6891343805806757,
    "em": 0.13653136531365315,
    "squad": 0.2937130444527618,
    "rouge1": 0.4571106495883457,
    "rouge2": 0.2794716656093557,
    "rougeL": 0.4461445766098764,
    "rougeLsum": 0.44599559070849265,
    "f1_bert": 0.331937322106532,
    "precision_bert": 0.2901494015272777,
    "recall_bert": 0.3827314125944223
}