{
    "model": "mistralai/Mistral-7B-Instruct-v0.2",
    "dataset": "/gpfs/users/boizardni/llm-distillation/datasets/processed/qed",
    "title": true,
    "number_few_shot": 1,
    "samples_number": 1355,
    "f1": 0.5054448582618498,
    "precision": 0.5141639001643913,
    "recall": 0.6748151987483403,
    "em": 0.2044280442804428,
    "squad": 0.3549364512711463,
    "rouge1": 0.5116310035402464,
    "rouge2": 0.3234234604601459,
    "rougeL": 0.49953920676028285,
    "rougeLsum": 0.500080851224143,
    "f1_bert": 0.38947808982089605,
    "precision_bert": 0.3609517917615865,
    "recall_bert": 0.4265358035279115
}