{
    "model": "mistralai/Mistral-7B-Instruct-v0.2",
    "dataset": "/gpfs/users/boizardni/llm-distillation/datasets/processed/qed",
    "title": true,
    "number_few_shot": 2,
    "samples_number": 1355,
    "f1": 0.5192002416598933,
    "precision": 0.5334064306002684,
    "recall": 0.6728892263078549,
    "em": 0.22361623616236162,
    "squad": 0.37140823891112745,
    "rouge1": 0.5245504371692279,
    "rouge2": 0.32838130055266923,
    "rougeL": 0.511659290406745,
    "rougeLsum": 0.5111612509112835,
    "f1_bert": 0.39833126034903577,
    "precision_bert": 0.36908675620141845,
    "recall_bert": 0.4363447937782771
}