{
    "model": "mistralai/Mistral-7B-Instruct-v0.2",
    "dataset": "/gpfs/users/boizardni/llm-distillation/datasets/processed/qed",
    "title": true,
    "number_few_shot": 2,
    "samples_number": 1355,
    "f1": 0.434604922252939,
    "precision": 0.38305680518692026,
    "recall": 0.7976898103835736,
    "em": 0.16605166051660517,
    "squad": 0.3003282913847721,
    "rouge1": 0.44021630462680683,
    "rouge2": 0.3042362732923155,
    "rougeL": 0.4285404693584925,
    "rougeLsum": 0.42821211736250353,
    "f1_bert": 0.3127959195200231,
    "precision_bert": 0.21127217453420102,
    "recall_bert": 0.4243416416820919
}