{
    "model": "mistralai/Mistral-7B-Instruct-v0.2",
    "dataset": "/gpfs/users/boizardni/llm-distillation/datasets/processed/qed",
    "title": true,
    "number_few_shot": 3,
    "samples_number": 1355,
    "f1": 0.5340880395631943,
    "precision": 0.5584773346169777,
    "recall": 0.667178206375299,
    "em": 0.24428044280442804,
    "squad": 0.3891842411838112,
    "rouge1": 0.5397799900159236,
    "rouge2": 0.334809806840746,
    "rougeL": 0.5270032034072876,
    "rougeLsum": 0.5263867054982627,
    "f1_bert": 0.4146813949872697,
    "precision_bert": 0.3926393349761508,
    "recall_bert": 0.4454845123386807
}