{
    "model": "mistralai/Mistral-7B-Instruct-v0.2",
    "dataset": "/gpfs/users/boizardni/llm-distillation/datasets/processed/qed",
    "title": true,
    "number_few_shot": 3,
    "samples_number": 1355,
    "f1": 0.4639351711699036,
    "precision": 0.4232281184846121,
    "recall": 0.7842196519415162,
    "em": 0.19557195571955718,
    "squad": 0.3297535634447304,
    "rouge1": 0.46796386302738996,
    "rouge2": 0.3211687641634861,
    "rougeL": 0.45800345026466244,
    "rougeLsum": 0.45756996336049677,
    "f1_bert": 0.34473672462635885,
    "precision_bert": 0.254450504276052,
    "recall_bert": 0.44495070433747574
}