{
    "model": "mistralai/Mistral-7B-Instruct-v0.2",
    "dataset": "/gpfs/users/boizardni/llm-distillation/datasets/processed/qed",
    "title": true,
    "number_few_shot": 4,
    "samples_number": 1355,
    "f1": 0.44908276909390604,
    "precision": 0.4047803940745191,
    "recall": 0.7972155139735289,
    "em": 0.1859778597785978,
    "squad": 0.3175303144362519,
    "rouge1": 0.4543984562510792,
    "rouge2": 0.3149922475308376,
    "rougeL": 0.44416981603331623,
    "rougeLsum": 0.4438473489465734,
    "f1_bert": 0.3267774698308822,
    "precision_bert": 0.232919961275589,
    "recall_bert": 0.4303025242725621
}