{
    "model": "mistralai/Mistral-7B-Instruct-v0.2",
    "dataset": "/gpfs/users/boizardni/llm-distillation/datasets/processed/qed",
    "title": true,
    "number_few_shot": 4,
    "samples_number": 1355,
    "f1": 0.5298326587179376,
    "precision": 0.5468476517054665,
    "recall": 0.6838782875124586,
    "em": 0.24870848708487084,
    "squad": 0.3892705729014042,
    "rouge1": 0.5350265549731732,
    "rouge2": 0.3380363707613861,
    "rougeL": 0.5238421855127036,
    "rougeLsum": 0.5238730194121265,
    "f1_bert": 0.41279834377409924,
    "precision_bert": 0.3845061032976667,
    "recall_bert": 0.4493373666432037
}