{
    "model": "mistralai/Mistral-7B-Instruct-v0.2",
    "dataset": "/gpfs/users/boizardni/llm-distillation/datasets/processed/qed",
    "title": true,
    "number_few_shot": 5,
    "samples_number": 1355,
    "f1": 0.43677041498019276,
    "precision": 0.391107148650546,
    "recall": 0.7903348314058447,
    "em": 0.17859778597785977,
    "squad": 0.3076841004790263,
    "rouge1": 0.4417686948385069,
    "rouge2": 0.2993717602035346,
    "rougeL": 0.4314629984006335,
    "rougeLsum": 0.43201949167898274,
    "f1_bert": 0.3185133243514469,
    "precision_bert": 0.22153781633333822,
    "recall_bert": 0.42529045639923047
}