{
    "model": "meta-llama/Llama-2-7b-hf",
    "number_few_shot": 2,
    "context": "",
    "dataset": "squad_v2",
    "samples_number": 11873,
    "f1": 0.3936025503353674,
    "precision": 0.3950363828074208,
    "recall": 0.4111086899330842,
    "em": 0.33232272191342427,
    "squad": 0.36296263612439583
}