{
    "model": "meta-llama/Llama-2-7b-chat-hf",
    "dataset": "/gpfs/users/boizardni/llm-distillation/datasets/processed/qed",
    "title": true,
    "number_few_shot": 0,
    "samples_number": 1355,
    "f1": 0.5358114083429333,
    "precision": 0.6519108983264142,
    "recall": 0.5380909351352539,
    "em": 0.34907749077490774,
    "squad": 0.4424444495589205,
    "rouge1": 0.5454754864138506,
    "rouge2": 0.3090924449481307,
    "rougeL": 0.5430112157304313,
    "rougeLsum": 0.5428521064930014,
    "f1_bert": 0.4553317279672822,
    "precision_bert": 0.5317256416762042,
    "recall_bert": 0.38892294420683293
}