{
    "model": "meta-llama/Llama-2-7b-chat-hf",
    "dataset": "/gpfs/users/boizardni/llm-distillation/datasets/processed/qed",
    "title": true,
    "number_few_shot": 0,
    "samples_number": 1355,
    "f1": 0.3471861817732128,
    "precision": 0.29835281297587846,
    "recall": 0.7276044328276865,
    "em": 0.10922509225092251,
    "squad": 0.22820563701206767,
    "rouge1": 0.3509067863851714,
    "rouge2": 0.2305501284627755,
    "rougeL": 0.343709525163733,
    "rougeLsum": 0.3432872626840242,
    "f1_bert": 0.20158917718228447,
    "precision_bert": 0.12885294598452077,
    "recall_bert": 0.2817324477099045
}