{
    "model": "meta-llama/Llama-2-7b-chat-hf",
    "dataset": "/gpfs/users/boizardni/llm-distillation/datasets/processed/qed",
    "title": true,
    "number_few_shot": 1,
    "samples_number": 1355,
    "f1": 0.5447657921677415,
    "precision": 0.5812882162401212,
    "recall": 0.6568855079201427,
    "em": 0.33653136531365313,
    "squad": 0.4406485787406973,
    "rouge1": 0.5571658397884409,
    "rouge2": 0.35142931085140283,
    "rougeL": 0.5509431988430722,
    "rougeLsum": 0.5509168048227564,
    "f1_bert": 0.44535713930016324,
    "precision_bert": 0.4550919914502041,
    "recall_bert": 0.44364635216414144
}