{
    "model": "meta-llama/Llama-2-7b-chat-hf",
    "dataset": "/gpfs/users/boizardni/llm-distillation/datasets/processed/qed",
    "title": true,
    "number_few_shot": 1,
    "samples_number": 1355,
    "f1": 0.5419389519053237,
    "precision": 0.6616760367846939,
    "recall": 0.5399043697418684,
    "em": 0.35645756457564576,
    "squad": 0.44919825824048476,
    "rouge1": 0.5521624311021527,
    "rouge2": 0.3056930803072664,
    "rougeL": 0.549018591502376,
    "rougeLsum": 0.5493140015305638,
    "f1_bert": 0.45350893332439945,
    "precision_bert": 0.5233533141532924,
    "recall_bert": 0.3932323420766958
}