{
    "model": "meta-llama/Llama-2-7b-chat-hf",
    "dataset": "/gpfs/users/boizardni/llm-distillation/datasets/processed/qed",
    "title": true,
    "number_few_shot": 2,
    "samples_number": 1355,
    "f1": 0.5747293777178963,
    "precision": 0.6263936449800613,
    "recall": 0.6509716870759371,
    "em": 0.3756457564575646,
    "squad": 0.47518756708773047,
    "rouge1": 0.5855239454085613,
    "rouge2": 0.3687046412960323,
    "rougeL": 0.5798543446588105,
    "rougeLsum": 0.5796684876050522,
    "f1_bert": 0.4900365619858335,
    "precision_bert": 0.5128324022104215,
    "recall_bert": 0.4750754834365399
}