{
    "model": "meta-llama/Llama-2-7b-chat-hf",
    "dataset": "/gpfs/users/boizardni/llm-distillation/datasets/processed/qed",
    "title": true,
    "number_few_shot": 2,
    "samples_number": 1355,
    "f1": 0.5631672001104795,
    "precision": 0.6733191843849147,
    "recall": 0.563692191432799,
    "em": 0.3726937269372694,
    "squad": 0.46793046352387446,
    "rouge1": 0.5727920782215358,
    "rouge2": 0.32773165806118865,
    "rougeL": 0.5708730076958412,
    "rougeLsum": 0.5705216354535465,
    "f1_bert": 0.4784946765876405,
    "precision_bert": 0.5417405686377096,
    "recall_bert": 0.4241897990781903
}