{
    "model": "meta-llama/Llama-2-7b-chat-hf",
    "dataset": "/gpfs/users/boizardni/llm-distillation/datasets/processed/qed",
    "title": true,
    "number_few_shot": 4,
    "samples_number": 1355,
    "f1": 0.5724413557110333,
    "precision": 0.6561039654179207,
    "recall": 0.604159859953648,
    "em": 0.3726937269372694,
    "squad": 0.47256754132415135,
    "rouge1": 0.5847970979253989,
    "rouge2": 0.3542574794429149,
    "rougeL": 0.5808641933817382,
    "rougeLsum": 0.5803020274254892,
    "f1_bert": 0.48874734985853485,
    "precision_bert": 0.5296454425710765,
    "recall_bert": 0.4558335620699007
}