{
    "model": "meta-llama/Llama-2-7b-chat-hf",
    "dataset": "/gpfs/users/boizardni/llm-distillation/datasets/processed/qed",
    "title": true,
    "number_few_shot": 5,
    "samples_number": 1355,
    "f1": 0.5735574108834183,
    "precision": 0.6523173847161065,
    "recall": 0.6144706115990737,
    "em": 0.36900369003690037,
    "squad": 0.4712805504601593,
    "rouge1": 0.5851433546357683,
    "rouge2": 0.3524880199601774,
    "rougeL": 0.5807169847627643,
    "rougeLsum": 0.5803559007626756,
    "f1_bert": 0.4835257609362686,
    "precision_bert": 0.516871528874703,
    "recall_bert": 0.45827006671807086
}