{
    "model": "meta-llama/Llama-2-7b-chat-hf",
    "dataset": "/gpfs/users/boizardni/llm-distillation/datasets/processed/qed",
    "title": true,
    "number_few_shot": 5,
    "samples_number": 1355,
    "f1": 0.5567229316820864,
    "precision": 0.5908886188229219,
    "recall": 0.6620445536274439,
    "em": 0.34538745387453873,
    "squad": 0.4510551927783126,
    "rouge1": 0.5693926158971774,
    "rouge2": 0.36140694796077744,
    "rougeL": 0.5632888955817047,
    "rougeLsum": 0.5643582613704421,
    "f1_bert": 0.4608269272485535,
    "precision_bert": 0.46403601502426606,
    "recall_bert": 0.4651835195146281
}