{
    "model": "meta-llama/Llama-2-7b-chat-hf",
    "dataset": "squad",
    "context": true,
    "title": false,
    "number_few_shot": 4,
    "samples_number": 10570,
    "f1": 0.8318589914942845,
    "precision": 0.8235968477753332,
    "recall": 0.8873341548211574,
    "em": 0.695364238410596,
    "squad": 0.7636116149524403,
    "rouge1": 0.8357416275171756,
    "rouge2": 0.5687769408748908,
    "rougeL": 0.8335509437443065,
    "rougeLsum": 0.8334203723507022
}