{
    "model": "meta-llama/Llama-2-7b-chat-hf",
    "dataset": "squad",
    "context": true,
    "title": false,
    "number_few_shot": 0,
    "samples_number": 10570,
    "f1": 0.7460734611105984,
    "precision": 0.738854499577848,
    "recall": 0.8505604754198146,
    "em": 0.5660359508041627,
    "squad": 0.6560547059573805,
    "rouge1": 0.7457549742303884,
    "rouge2": 0.4803477935531687,
    "rougeL": 0.744175718299781,
    "rougeLsum": 0.7440372603499799
}